Tidsmerke,1) Kjønn:,2) Alder:,3) Hva er den høyeste utdanningen du har påbegynt eller fullført:,4) Arbeidsforhold:,5) Arbeidsplass:,6) Organisert i fagforening,7) Politisk ståsted (i norsk sammenheng):,8) Inntekt:,9) Formue:,10) Jeg er født i: (kulturell tilhørighet) ,11) rettferdighet,12) frihet,13) kapitalisme-kommunisme,14) likhet-forskjell,15) mange-få-muligheter,16) inhumant-humant,17) egen-andres-interesse,18) regulering,19) motivasjon,20) realisme,21)selvrealisering,22) lykke,23) mening-i-livet,24) Her kan du legge igjen kommentarer til spørreskjemaet eller temaet lik lønn for alle:
2021/10/14 3:12:35 p.m. EET,kvinne,40 - 49 år,universitet/høgskole (tilsvarende master),sysselsatt heltid,offentlig,ja,sentrum,over gjennomsnittet,under gjennomsnittet,utenfor Norge i Vest-Europa,2,,5,2,,3,3,1,5,1,3,3,3,
2021/10/14 6:38:10 p.m. EET,mann,20 - 29 år,videregående,freelance,privat,nei,,lav,lav,utenfor Norge i Vest-Europa,2,2,4,4,2,3,2,2,2,2,3,3,3,
2021/10/14 11:45:59 p.m. EET,kvinne,50 - 59 år,universitet/høgskole (ph.d.),sysselsatt heltid,offentlig,ja,venstre,over gjennomsnittet,under gjennomsnittet,Norge (ikke innvandrerbakgrunn),4,3,4,4,3,4,3,2,3,3,3,3,3,
2021/10/15 8:58:11 p.m. EET,kvinne,40 - 49 år,universitet/høgskole (ph.d.),sysselsatt heltid,offentlig,ja,venstre,godt over gjennomsnittet,over gjennomsnittet,Norge (ikke innvandrerbakgrunn),4,1,5,3,2,4,4,2,3,2,3,3,2,
2021/10/15 8:59:15 p.m. EET,mann,50 - 59 år,universitet/høgskole (ph.d.),sysselsatt heltid,offentlig,ja,sentrum,over gjennomsnittet,ingen formue,Norge (ikke innvandrerbakgrunn),1,5,5,1,5,2,3,1,5,1,5,3,3,
2021/10/15 8:59:30 p.m. EET,mann,40 - 49 år,universitet/høgskole (ph.d.),sysselsatt heltid,privat,nei,nøytral,godt over gjennomsnittet,lav,Norge (ikke innvandrerbakgrunn),3,3,4,2,3,3,2,1,4,2,2,2,3,
2021/10/15 9:00:17 p.m. EET,kvinne,40 - 49 år,universitet/høgskole (tilsvarende master),arbeidsledig,frivillig,ja,sentrum,over gjennomsnittet,over gjennomsnittet,Norge (ikke innvandrerbakgrunn),4,3,4,3,2,5,2,1,3,2,4,2,1,
2021/10/15 9:00:22 p.m. EET,mann,30 - 39 år,universitet/høgskole (tilsvarende bachelor),sysselsatt heltid,offentlig,nei,høyre,gjennomsnittlig,lav,Norge (ikke innvandrerbakgrunn),1,5,3,1,5,1,4,1,5,4,5,3,4,
2021/10/15 9:01:55 p.m. EET,kvinne,40 - 49 år,universitet/høgskole (tilsvarende master),sysselsatt heltid,offentlig,ja,venstre,godt over gjennomsnittet,ingen formue,Norge (ikke innvandrerbakgrunn),4,1,5,5,1,5,3,1,2,1,1,5,1,
2021/10/15 9:03:32 p.m. EET,mann,40 - 49 år,videregående,sysselsatt heltid,offentlig,nei,nøytral,gjennomsnittlig,ingen formue,Norge (ikke innvandrerbakgrunn),3,2,4,4,3,3,3,4,3,2,3,3,3,
2021/10/15 9:04:00 p.m. EET,mann,30 - 39 år,universitet/høgskole (tilsvarende bachelor),sysselsatt heltid,privat,ja,høyre,gjennomsnittlig,lav,Norge (ikke innvandrerbakgrunn),1,2,5,5,5,1,1,1,5,1,5,1,5,
2021/10/15 9:04:10 p.m. EET,kvinne,40 - 49 år,universitet/høgskole (tilsvarende master),sysselsatt heltid,offentlig,ja,sentrum,over gjennomsnittet,ingen formue,Norge (ikke innvandrerbakgrunn),5,2,4,3,3,4,2,2,3,2,2,4,2,
2021/10/15 9:05:06 p.m. EET,kvinne,40 - 49 år,universitet/høgskole (tilsvarende master),sysselsatt heltid,privat,nei,sentrum,godt over gjennomsnittet,gjennomsnittlig,Norge (ikke innvandrerbakgrunn),2,3,5,1,3,3,3,1,5,1,4,3,3,
2021/10/15 9:06:12 p.m. EET,mann,40 - 49 år,videregående,sysselsatt heltid,privat,ja,sentrum,under gjennomsnittet,under gjennomsnittet,Norge (ikke innvandrerbakgrunn),3,5,5,1,5,3,3,1,5,1,5,3,3,
2021/10/15 9:07:41 p.m. EET,mann,40 - 49 år,universitet/høgskole (tilsvarende bachelor),sysselsatt heltid,offentlig,ja,venstre,gjennomsnittlig,gjennomsnittlig,Norge (ikke innvandrerbakgrunn),4,1,4,5,1,4,3,3,2,4,1,4,2,
2021/10/15 9:08:08 p.m. EET,kvinne,60 - 69 år,fagskole,pensjonert,,,venstre,lav,ingen formue,Norge (ikke innvandrerbakgrunn),4,2,3,5,1,5,4,4,3,1,1,3,1,"Fantastisk science-fiction. Sannsynligvis helt urealistisk. Ideologisk fantastisk. Arbeid er arbeid og ferdig med det. Godtas aldri verden av de med høy utdanning og høy lønn, og vil slå fullstendig beina under de som vurderer folk etter lønninga de får."
2021/10/15 9:09:00 p.m. EET,kvinne,30 - 39 år,universitet/høgskole (ph.d.),sysselsatt heltid,offentlig,ja,venstre,gjennomsnittlig,gjennomsnittlig,Norge (ikke innvandrerbakgrunn),4,4,3,4,3,4,3,3,3,2,1,3,3,
2021/10/15 9:10:06 p.m. EET,mann,30 - 39 år,universitet/høgskole (ph.d.),sysselsatt heltid,privat,ja,sentrum,under gjennomsnittet,gjennomsnittlig,Norge (ikke innvandrerbakgrunn),2,,5,2,,,,1,4,1,4,,,
2021/10/15 9:10:23 p.m. EET,mann,40 - 49 år,universitet/høgskole (tilsvarende master),sysselsatt heltid,privat,ja,venstre,over gjennomsnittet,gjennomsnittlig,Norge (ikke innvandrerbakgrunn),5,2,3,5,1,5,3,3,3,2,2,4,2,
2021/10/15 9:11:37 p.m. EET,mann,30 - 39 år,universitet/høgskole (tilsvarende master),sysselsatt heltid,privat,ja,venstre,over gjennomsnittet,ingen formue,Norge (ikke innvandrerbakgrunn),4,2,5,5,1,4,3,1,4,1,3,4,4,
2021/10/15 9:12:26 p.m. EET,kvinne,60 - 69 år,fagskole,selvstendig,privat,nei,venstre,lav,lav,Norge (ikke innvandrerbakgrunn),5,3,3,5,4,5,4,4,4,5,4,4,1,
2021/10/15 9:12:40 p.m. EET,mann,under 20 år,videregående,student,,,sentrum,ingen inntekt,ingen formue,Norge (ikke innvandrerbakgrunn),2,4,5,3,4,3,2,1,5,2,4,1,4,
2021/10/15 9:13:00 p.m. EET,mann,20 - 29 år,universitet/høgskole (tilsvarende master),student,frivillig,nei,høyre,lav,lav,Norge (ikke innvandrerbakgrunn),1,5,4,2,5,1,5,1,5,1,5,1,3,
2021/10/15 9:13:05 p.m. EET,kvinne,50 - 59 år,universitet/høgskole (tilsvarende bachelor),sysselsatt heltid,offentlig,ja,venstre,over gjennomsnittet,under gjennomsnittet,Norge (ikke innvandrerbakgrunn),3,4,4,4,4,4,2,1,3,2,3,4,4,
2021/10/15 9:14:50 p.m. EET,kvinne,30 - 39 år,videregående,selvstendig,privat,nei,høyre,gjennomsnittlig,under gjennomsnittet,Norge (ikke innvandrerbakgrunn),1,5,5,1,5,2,1,2,5,1,5,1,5,
2021/10/15 9:16:02 p.m. EET,mann,40 - 49 år,universitet/høgskole (ph.d.),sysselsatt heltid,privat,ja,sentrum,over gjennomsnittet,gjennomsnittlig,Norge (ikke innvandrerbakgrunn),1,5,5,3,4,5,2,1,5,1,4,3,4,"Litt utdypning for å forklare svarene mine: Det var litt uklart i hvilken grad scenariet åpnet for muligheter til å tjene over gjennomsnittet. Jeg er nemlig veldig positiv til borgerlønn, men forstod scenariet her som at alle tjener like mye uansett, uten at det var noen egoistisk belønning for økt innsats. Selv om jeg liker tanken, følger jeg John Rawls i å tenke at det blir urealistisk, og at det derfor kommer alle til gode å legge opp til økt arbeidsmotivasjon gjennom egoistisk belønning. Jeg kjenner til oppdaterte argumenter for en mer kommunistisk forstått rettferdighet (luck egalitarianism), men synes Rawls klarer balansen mellom de ulike hensynene best med sin forståelse av rettferdighet som fairness. Dersom dere faktisk mente å spørre om borgerlønn, var det altfor uklart, men jeg regner med at dere ikke gjorde det."
2021/10/15 9:16:20 p.m. EET,kvinne,30 - 39 år,universitet/høgskole (tilsvarende master),sysselsatt deltid,privat,ja,venstre,gjennomsnittlig,gjennomsnittlig,Norge (ikke innvandrerbakgrunn),4,2,3,4,2,4,3,2,2,2,2,2,2,
2021/10/15 9:16:26 p.m. EET,kvinne,40 - 49 år,universitet/høgskole (ph.d.),sysselsatt heltid,offentlig,ja,venstre,over gjennomsnittet,gjennomsnittlig,Norge (ikke innvandrerbakgrunn),3,2,5,2,3,3,3,5,5,1,2,4,2,"Mer utdannelse, mer krevende eller belastende oppgaver og mer ansvar bør tilsi høyere lønn. Hvis man justerer for disse faktorene (og kanskje noen flere) er en likelønnstanke verdt å teste ut."
2021/10/15 9:20:23 p.m. EET,mann,50 - 59 år,universitet/høgskole (tilsvarende master),selvstendig,privat,nei,sentrum,over gjennomsnittet,over gjennomsnittet,Norge (ikke innvandrerbakgrunn),5,1,1,5,1,3,3,4,1,3,1,5,1,
2021/10/15 9:21:48 p.m. EET,kvinne,40 - 49 år,universitet/høgskole (ph.d.),sysselsatt heltid,offentlig,ja,sentrum,gjennomsnittlig,under gjennomsnittet,Norge (ikke innvandrerbakgrunn),2,5,3,2,5,3,2,1,5,1,4,2,4,
2021/10/15 9:23:15 p.m. EET,mann,under 20 år,grunnskole,selvstendig,privat,nei,høyre,under gjennomsnittet,ingen formue,Norge (ikke innvandrerbakgrunn),1,5,5,1,5,1,1,1,5,1,5,1,5,
2021/10/15 9:23:43 p.m. EET,kvinne,20 - 29 år,universitet/høgskole (tilsvarende bachelor),sysselsatt heltid,offentlig,ja,venstre,under gjennomsnittet,gjennomsnittlig,Norge (ikke innvandrerbakgrunn),2,2,5,4,2,4,2,1,5,2,4,3,3,
2021/10/15 9:24:52 p.m. EET,kvinne,30 - 39 år,universitet/høgskole (tilsvarende master),sysselsatt heltid,privat,ja,sentrum,under gjennomsnittet,lav,resten av verden,1,2,4,1,5,1,1,2,5,1,5,1,5,
2021/10/15 9:27:13 p.m. EET,kvinne,30 - 39 år,universitet/høgskole (ph.d.),sysselsatt heltid,offentlig,nei,nøytral,over gjennomsnittet,gjennomsnittlig,Norge (ikke innvandrerbakgrunn),2,4,5,2,5,2,3,1,5,1,5,2,5,
2021/10/15 9:27:14 p.m. EET,kvinne,40 - 49 år,universitet/høgskole (ph.d.),sysselsatt heltid,privat,nei,sentrum,over gjennomsnittet,ingen formue,Norge (ikke innvandrerbakgrunn),1,5,5,1,5,3,3,1,5,1,5,3,3,
2021/10/15 9:28:45 p.m. EET,kvinne,50 - 59 år,universitet/høgskole (tilsvarende master),selvstendig,privat,ja,sentrum,over gjennomsnittet,godt over gjennomsnittet,Norge (ikke innvandrerbakgrunn),2,,5,3,5,3,3,1,5,1,4,3,3,
2021/10/15 9:29:39 p.m. EET,mann,40 - 49 år,universitet/høgskole (tilsvarende master),selvstendig,privat,ja,nøytral,under gjennomsnittet,under gjennomsnittet,resten av verden,5,1,5,5,1,5,5,5,1,5,1,5,1,"Borgerlønn går tilbake til agrarloven, at alle har medfødt rett til eiendom å leve av. Siden staten fratok oss denne retten som nasjon /folk har staten egentlig plikt til å kompensere for denne konfisceringen av jordeiendommen gjennom en naturlig  borgerlønn, staten må betale oss da de har landet til låns fra oss folket, altså ""nasjonen"". Herfra kommer også tanken om at staten har plikt til å skaffe inntekt/jobb til sitt folk, de har plikt til å betale skatt for lånet av landeiendommer Norge.
Staten skal betale skatt til det folket de leiet nasjonen fra. Ideen går tilbake til Cercle Social (Bonneville & Co) i Frankrike før de kontra-revolusjonære kom til makten.  
Frihetsforkjemperne for Norge var med på dette, men dette ble forlengst fjernet fra den anerkjente diskursen ( tysk dannelsesprinsipp). Vi må tilbake til direkte demokrati (likhet for loven), frihet i kulturen(liberalisme) og økonomisk brorskap (sosialistisk økonomi) etc. VI må vekk fra nasjonalsosialismen, men tulbake til dwt demokratiske stammesamfunnet, ""the global village "" eller ""bystaten""
 QED."
2021/10/15 9:29:46 p.m. EET,mann,50 - 59 år,universitet/høgskole (ph.d.),sysselsatt heltid,offentlig,ja,sentrum,over gjennomsnittet,gjennomsnittlig,Norge (ikke innvandrerbakgrunn),2,4,4,2,3,3,2,1,5,2,3,3,3,"Den som per år (eller time) tjener mye pga lang utdanning, har hatt i hvert fall 5-6 år uten nevneverdig inntekt, og kommer ut på boligmarkedet senere, og med mer gjeld. Skal det være lik lønn for alle, må enten studenter få samme lønn, eller man må bake inn kompensasjon for at lang utdanning kommer sent i gang. "
2021/10/15 9:31:39 p.m. EET,mann,70 år eller mer,universitet/høgskole (tilsvarende master),pensjonert,offentlig,ja,venstre,gjennomsnittlig,over gjennomsnittet,Norge (ikke innvandrerbakgrunn),4,4,3,5,4,4,3,3,3,3,3,3,3,
2021/10/15 9:31:45 p.m. EET,kvinne,70 år eller mer,universitet/høgskole (tilsvarende bachelor),selvstendig,privat,ja,nøytral,lav,gjennomsnittlig,Norge (ikke innvandrerbakgrunn),5,1,3,3,1,5,3,3,3,1,1,3,3,
2021/10/15 9:33:33 p.m. EET,mann,50 - 59 år,universitet/høgskole (tilsvarende master),sysselsatt heltid,offentlig,ja,høyre,over gjennomsnittet,gjennomsnittlig,Norge (ikke innvandrerbakgrunn),1,3,5,2,5,2,3,1,5,1,3,2,5,
2021/10/15 9:35:26 p.m. EET,mann,40 - 49 år,universitet/høgskole (tilsvarende bachelor),sysselsatt heltid,offentlig,ja,venstre,gjennomsnittlig,gjennomsnittlig,Norge (ikke innvandrerbakgrunn),3,3,4,4,2,3,3,3,3,2,2,4,2,
2021/10/15 9:35:51 p.m. EET,kvinne,40 - 49 år,universitet/høgskole (tilsvarende master),sysselsatt heltid,offentlig,ja,venstre,over gjennomsnittet,ingen formue,Norge (ikke innvandrerbakgrunn),3,2,4,4,2,4,2,4,4,2,2,4,2,"Jeg har svart det jeg tror er best for samfunnet, men helt ærlig mener jeg ikke at en uten utdanning skal ha like høy lønn som meg. Likere enn vi har nå, men ikke helt likt. "
2021/10/15 9:36:31 p.m. EET,mann,20 - 29 år,universitet/høgskole (tilsvarende bachelor),sysselsatt deltid,privat,nei,nøytral,lav,ingen formue,Norge (ikke innvandrerbakgrunn),1,5,5,5,5,1,1,1,5,1,5,1,5,Arbeidsforhold og sektor burde vært flervalg
2021/10/15 9:37:39 p.m. EET,mann,under 20 år,universitet/høgskole (tilsvarende bachelor),student,privat,nei,venstre,lav,under gjennomsnittet,Norge (ikke innvandrerbakgrunn),4,2,4,4,3,4,3,2,3,2,1,4,1,
2021/10/15 9:40:25 p.m. EET,mann,30 - 39 år,universitet/høgskole (ph.d.),arbeidsledig,,ja,venstre,ingen inntekt,under gjennomsnittet,Norge (ikke innvandrerbakgrunn),4,2,3,3,1,5,4,1,3,2,2,5,3,
2021/10/15 9:41:02 p.m. EET,mann,30 - 39 år,universitet/høgskole (tilsvarende master),sysselsatt heltid,offentlig,ja,venstre,gjennomsnittlig,ingen formue,Norge (ikke innvandrerbakgrunn),2,3,5,2,3,5,2,1,4,2,2,5,2,
2021/10/15 9:41:46 p.m. EET,kvinne,40 - 49 år,universitet/høgskole (tilsvarende master),sysselsatt heltid,offentlig,ja,sentrum,over gjennomsnittet,ingen formue,Norge (ikke innvandrerbakgrunn),2,3,3,3,3,3,3,3,4,1,3,4,3,Angivelse på skalaer er dårlig egnet metode for disse dimensjonene. Overraskende at NSD har godkjent Google docs skjema; dette er ikke anonymiserte data (IP-adresser)
2021/10/15 9:42:35 p.m. EET,mann,20 - 29 år,videregående,sysselsatt heltid,privat,nei,nøytral,under gjennomsnittet,under gjennomsnittet,Norge (ikke innvandrerbakgrunn),1,5,5,1,5,1,3,1,5,3,5,1,5,
2021/10/15 9:44:02 p.m. EET,kvinne,40 - 49 år,universitet/høgskole (tilsvarende bachelor),sysselsatt heltid,privat,nei,høyre,over gjennomsnittet,ingen formue,Norge (ikke innvandrerbakgrunn),2,3,5,3,2,4,2,3,4,1,3,3,3,
2021/10/15 9:46:53 p.m. EET,mann,40 - 49 år,universitet/høgskole (tilsvarende bachelor),sysselsatt deltid,offentlig,ja,venstre,under gjennomsnittet,ingen formue,Norge (ikke innvandrerbakgrunn),5,3,4,5,1,5,3,2,2,2,1,4,1,Hvem skal jeg stemme på? 
2021/10/15 9:48:17 p.m. EET,mann,20 - 29 år,fagskole,sysselsatt heltid,privat,nei,høyre,lav,over gjennomsnittet,Norge (ikke innvandrerbakgrunn),1,5,5,1,1,1,5,1,5,1,5,1,5,"Ingenting å jobbe opp mot, og ingen vil ta vanskelige jobber fordi du vil kunne tjene det samme ved å fjerte maling på en scene som å jobbe i kloakken. Ekstremt demotiverende. "
2021/10/15 9:49:22 p.m. EET,mann,30 - 39 år,universitet/høgskole (tilsvarende bachelor),sysselsatt heltid,offentlig,ja,nøytral,gjennomsnittlig,gjennomsnittlig,Norge (ikke innvandrerbakgrunn),1,5,5,1,5,1,1,1,5,1,5,1,5,"Dette spørreskjemaet ble delt i ulike chatte-grupper hvor det ble oppfordret til å «trolle» eller «flame» spørreskjemaet. Jeg personlig har svart ærlig, men tviler på de samme som delte spørreskjemaet vil gjøre det samme."
2021/10/15 9:51:20 p.m. EET,mann,20 - 29 år,videregående,selvstendig,privat,nei,høyre,godt over gjennomsnittet,godt over gjennomsnittet,Norge (ikke innvandrerbakgrunn),1,5,5,1,5,1,1,1,5,1,5,1,5,
2021/10/15 9:52:06 p.m. EET,mann,40 - 49 år,universitet/høgskole (tilsvarende master),sysselsatt heltid,offentlig,ja,sentrum,gjennomsnittlig,gjennomsnittlig,Norge (ikke innvandrerbakgrunn),2,3,4,2,4,3,3,1,5,2,5,2,4,
2021/10/15 9:58:54 p.m. EET,kvinne,50 - 59 år,videregående,sysselsatt deltid,offentlig,ja,sentrum,under gjennomsnittet,over gjennomsnittet,Norge (ikke innvandrerbakgrunn),4,2,4,4,2,4,4,1,3,2,3,4,2,
2021/10/15 9:59:32 p.m. EET,mann,30 - 39 år,universitet/høgskole (tilsvarende bachelor),student,,ja,venstre,under gjennomsnittet,ingen formue,Norge (ikke innvandrerbakgrunn),4,2,3,4,2,5,1,2,2,4,2,4,3,Mine svar må ta utgangspunkt i at man har en ordning som kvitter seg med studielån. Det virker rart å ta opp masse gjeld for å tjene det samme som de som har valgt å ikke ta opp denne gjelden. Derfor burde man belønnes med «gratis» utdanning ved likelønn.
2021/10/15 10:00:30 p.m. EET,kvinne,40 - 49 år,universitet/høgskole (tilsvarende bachelor),sysselsatt heltid,offentlig,ja,høyre,over gjennomsnittet,lav,Norge (ikke innvandrerbakgrunn),3,2,4,3,3,4,3,3,4,1,3,3,3,
2021/10/15 10:00:51 p.m. EET,mann,40 - 49 år,universitet/høgskole (tilsvarende master),sysselsatt heltid,offentlig,ja,sentrum,over gjennomsnittet,over gjennomsnittet,Norge (ikke innvandrerbakgrunn),1,4,5,2,5,1,1,1,5,1,1,5,3,
2021/10/15 10:02:48 p.m. EET,kvinne,50 - 59 år,universitet/høgskole (ph.d.),sysselsatt heltid,offentlig,ja,venstre,godt over gjennomsnittet,gjennomsnittlig,Norge (ikke innvandrerbakgrunn),1,3,5,5,5,3,1,1,5,1,5,1,3,Flere av påstandene var ulogiske og dermed vanskelig å ta stilling til. 
2021/10/15 10:04:09 p.m. EET,mann,30 - 39 år,universitet/høgskole (tilsvarende bachelor),sysselsatt heltid,privat,ja,venstre,gjennomsnittlig,ingen formue,Norge (ikke innvandrerbakgrunn),1,5,5,1,5,2,4,1,5,1,5,2,5,"Dårlig samfunnsøkonomisk. Liten motivasjon for å ta høy, dyr og krevende utdanning, for krevende jobber samfunnet trenger. Men tror økonomien i Star trek minner litt om dette. Der folk jobber av interesse. Men det er tross alt sci-fi. "
2021/10/15 10:05:44 p.m. EET,kvinne,40 - 49 år,universitet/høgskole (ph.d.),sysselsatt heltid,privat,ja,venstre,godt over gjennomsnittet,over gjennomsnittet,Norge (ikke innvandrerbakgrunn),4,4,3,4,3,4,3,2,3,2,2,4,3,
2021/10/15 10:06:35 p.m. EET,kvinne,20 - 29 år,universitet/høgskole (tilsvarende bachelor),sysselsatt deltid,privat,nei,høyre,under gjennomsnittet,gjennomsnittlig,Norge (ikke innvandrerbakgrunn),1,5,5,1,5,1,1,1,5,1,5,1,5,"En stat skal ikke bestemme lønnsnivået i samfunnet, det frie marked skal."
2021/10/15 10:19:00 p.m. EET,kvinne,50 - 59 år,universitet/høgskole (tilsvarende master),sysselsatt heltid,offentlig,ja,sentrum,under gjennomsnittet,under gjennomsnittet,resten av verden,2,1,5,4,1,3,3,5,5,1,5,3,4,"Andre ting vil spille inn, for eksempel lønn i studietiden for lange utdannelser, dvs totalt antall år med inntekt i livet."
2021/10/15 10:19:10 p.m. EET,mann,30 - 39 år,universitet/høgskole (ph.d.),sysselsatt heltid,offentlig,nei,venstre,gjennomsnittlig,under gjennomsnittet,Norge (ikke innvandrerbakgrunn),1,5,5,1,5,1,3,3,5,1,3,1,3,
2021/10/15 10:20:49 p.m. EET,mann,50 - 59 år,universitet/høgskole (ph.d.),sysselsatt heltid,offentlig,ja,høyre,godt over gjennomsnittet,gjennomsnittlig,Norge (ikke innvandrerbakgrunn),2,4,5,3,3,3,3,1,5,1,3,3,4,
2021/10/15 10:25:27 p.m. EET,mann,50 - 59 år,universitet/høgskole (tilsvarende master),sysselsatt heltid,offentlig,nei,sentrum,godt over gjennomsnittet,gjennomsnittlig,Norge (ikke innvandrerbakgrunn),2,3,5,3,3,2,2,1,5,1,3,2,3,
2021/10/15 10:30:55 p.m. EET,mann,30 - 39 år,universitet/høgskole (ph.d.),sysselsatt heltid,offentlig,nei,nøytral,gjennomsnittlig,gjennomsnittlig,Norge (ikke innvandrerbakgrunn),1,5,5,1,4,2,2,1,5,1,3,3,3,
2021/10/15 10:31:26 p.m. EET,kvinne,20 - 29 år,universitet/høgskole (tilsvarende master),sysselsatt heltid,offentlig,ja,venstre,gjennomsnittlig,under gjennomsnittet,utenfor Norge i Vest-Europa,2,2,3,5,1,5,2,2,1,4,2,5,1,
2021/10/15 10:34:40 p.m. EET,mann,40 - 49 år,fagskole,sysselsatt heltid,privat,nei,venstre,godt over gjennomsnittet,lav,Norge (ikke innvandrerbakgrunn),1,5,5,2,3,4,3,1,5,1,2,3,3,
2021/10/15 10:35:21 p.m. EET,mann,40 - 49 år,universitet/høgskole (tilsvarende master),sysselsatt heltid,privat,nei,venstre,godt over gjennomsnittet,over gjennomsnittet,Norge (ikke innvandrerbakgrunn),5,1,3,5,3,3,1,3,3,5,1,5,1,
2021/10/15 10:36:13 p.m. EET,mann,40 - 49 år,universitet/høgskole (ph.d.),sysselsatt heltid,privat,ja,sentrum,over gjennomsnittet,gjennomsnittlig,Norge (ikke innvandrerbakgrunn),3,4,4,4,3,3,3,1,4,2,3,3,3,
2021/10/15 10:36:20 p.m. EET,mann,40 - 49 år,videregående,sysselsatt heltid,privat,nei,nøytral,over gjennomsnittet,gjennomsnittlig,Norge (ikke innvandrerbakgrunn),2,4,3,3,2,5,2,1,5,1,4,3,3,
2021/10/15 10:36:58 p.m. EET,kvinne,60 - 69 år,universitet/høgskole (ph.d.),sysselsatt heltid,offentlig,ja,venstre,godt over gjennomsnittet,gjennomsnittlig,Norge (ikke innvandrerbakgrunn),4,2,5,4,3,5,3,4,3,5,4,1,2,
2021/10/15 10:40:07 p.m. EET,mann,40 - 49 år,universitet/høgskole (tilsvarende master),selvstendig,privat,nei,høyre,over gjennomsnittet,over gjennomsnittet,Norge (ikke innvandrerbakgrunn),1,5,5,1,3,3,2,1,5,2,3,2,3,
2021/10/15 10:43:38 p.m. EET,kvinne,40 - 49 år,universitet/høgskole (tilsvarende bachelor),sysselsatt heltid,privat,ja,sentrum,over gjennomsnittet,gjennomsnittlig,Norge (ikke innvandrerbakgrunn),3,1,5,1,3,3,2,1,5,1,5,1,3,
2021/10/15 10:47:49 p.m. EET,mann,30 - 39 år,videregående,sysselsatt heltid,privat,nei,nøytral,under gjennomsnittet,under gjennomsnittet,Norge (ikke innvandrerbakgrunn),4,2,3,4,2,5,3,3,4,1,2,3,3,
2021/10/15 10:49:04 p.m. EET,mann,40 - 49 år,universitet/høgskole (tilsvarende bachelor),sysselsatt heltid,frivillig,ja,venstre,gjennomsnittlig,gjennomsnittlig,Norge (ikke innvandrerbakgrunn),4,5,5,4,1,5,3,3,3,2,2,5,1,
2021/10/15 10:49:39 p.m. EET,kvinne,30 - 39 år,universitet/høgskole (ph.d.),sysselsatt heltid,offentlig,ja,sentrum,over gjennomsnittet,ingen formue,Norge (ikke innvandrerbakgrunn),2,4,5,2,4,3,2,1,4,1,4,2,4,
2021/10/15 10:51:44 p.m. EET,mann,40 - 49 år,universitet/høgskole (ph.d.),sysselsatt heltid,offentlig,ja,høyre,over gjennomsnittet,ingen formue,Norge (ikke innvandrerbakgrunn),1,,5,1,3,3,1,1,5,1,5,1,4,Dette blir jo veldig hypotetisk fordi dere ikke sier noe om utdanningskostnader etc. Men f.eks. hvorfor skulle noe gidde å utdanne seg til lege (koster både tid og penger) dersom man uansett tjener det samme? 
2021/10/15 10:52:22 p.m. EET,mann,20 - 29 år,universitet/høgskole (tilsvarende bachelor),student,frivillig,nei,venstre,lav,ingen formue,utenfor Norge i Vest-Europa,4,2,3,3,2,5,,2,4,5,3,5,1,Dette var meningsfylt
2021/10/15 10:54:13 p.m. EET,kvinne,30 - 39 år,universitet/høgskole (tilsvarende master),sysselsatt heltid,frivillig,nei,venstre,gjennomsnittlig,ingen formue,Norge (ikke innvandrerbakgrunn),5,5,3,5,1,5,3,1,3,2,3,3,3,
2021/10/15 10:56:46 p.m. EET,kvinne,30 - 39 år,universitet/høgskole (tilsvarende master),student,privat,nei,nøytral,lav,ingen formue,Norge (ikke innvandrerbakgrunn),5,1,3,5,1,,,,1,1,1,,,"Lik lønn kan motivere til å velge yrker man brenner for og har talent for, hvor du får ansvaret fordi du ønsker det og ikke fordi du får betalt for den ekstra byrden du påtar deg. Eller velger et yrke fordi det har en ålreit lønn. Lik lønn kunne kanskje vært metode som dyrker frem det å spise for å jobbe og ikke omvendt. Jeg tror ingen samfunn har vondt av at man har et lidenskapelig forhold til ens egen samfunnsrolle fremfor lønningssjekk. "
2021/10/15 11:00:10 p.m. EET,mann,50 - 59 år,universitet/høgskole (tilsvarende master),sysselsatt heltid,offentlig,ja,venstre,godt over gjennomsnittet,gjennomsnittlig,utenfor Norge i Vest-Europa,1,3,5,1,5,2,1,1,5,1,5,1,4,
2021/10/15 11:06:42 p.m. EET,kvinne,40 - 49 år,fagskole,sysselsatt deltid,privat,nei,venstre,gjennomsnittlig,gjennomsnittlig,Norge (ikke innvandrerbakgrunn),2,3,5,3,3,3,3,2,4,2,2,3,3,
2021/10/15 11:07:09 p.m. EET,mann,40 - 49 år,universitet/høgskole (ph.d.),sysselsatt heltid,offentlig,ja,venstre,over gjennomsnittet,gjennomsnittlig,Norge (ikke innvandrerbakgrunn),5,5,5,5,1,5,1,1,1,3,3,5,1,Lik lønn gir mest mening og lykke for flest
2021/10/15 11:07:17 p.m. EET,mann,40 - 49 år,universitet/høgskole (tilsvarende master),sysselsatt heltid,privat,ja,venstre,over gjennomsnittet,gjennomsnittlig,Norge (ikke innvandrerbakgrunn),1,5,5,1,4,3,1,1,5,1,5,3,3,
2021/10/15 11:08:09 p.m. EET,kvinne,60 - 69 år,universitet/høgskole (tilsvarende bachelor),sysselsatt heltid,privat,ja,sentrum,over gjennomsnittet,gjennomsnittlig,Norge (ikke innvandrerbakgrunn),2,3,5,2,4,2,2,2,5,1,4,2,4,"Ikke realiserbart, vi yter ulik innsats i ulikt arbeid med forskjellig ansvar og innhold. Lik lønn vil være urettferdig og demotiverende. Noen har høy ansvarsfølelse, andre i mindre grad. "
2021/10/15 11:15:43 p.m. EET,kvinne,40 - 49 år,universitet/høgskole (ph.d.),sysselsatt heltid,privat,nei,sentrum,gjennomsnittlig,gjennomsnittlig,Norge (ikke innvandrerbakgrunn),3,1,4,3,4,3,2,1,4,2,4,1,4,"Usikker på hva dere legge ri lik lønn for alle. Er det knyttet til kjønn? Arbeidsoppgaver? stillingstittel? For det er helt klart at den innsatsen, vurderingen og kunnskapen og utviklingen ulike mennesker legger ned i såkalt lik jobb, er svært ulik. D mener jeg at det også må belønnes ulikt. Minstelønn for lik stilling/ansvar er selvsagt - men incentiver for å strekke seg må være lov/mulig."
2021/10/15 11:17:08 p.m. EET,kvinne,50 - 59 år,universitet/høgskole (tilsvarende master),sysselsatt heltid,offentlig,ja,høyre,over gjennomsnittet,over gjennomsnittet,Norge (ikke innvandrerbakgrunn),5,2,3,4,2,4,2,5,2,4,2,4,2,Det er urettferdig at de lavtlønte i staten får forsterket lønnen sin med svært lav pensjon som er allés skattepenger i forhold til høytlønte som får i både pose og sekk. Høy lønn og høy pensjonsinntekt inn i evigheten. 
2021/10/15 11:17:45 p.m. EET,mann,50 - 59 år,universitet/høgskole (ph.d.),selvstendig,privat,ja,venstre,over gjennomsnittet,under gjennomsnittet,Norge (ikke innvandrerbakgrunn),1,2,4,2,2,2,,1,5,1,4,1,4,
2021/10/15 11:26:11 p.m. EET,mann,50 - 59 år,universitet/høgskole (tilsvarende master),sysselsatt heltid,frivillig,ja,høyre,over gjennomsnittet,gjennomsnittlig,Norge (ikke innvandrerbakgrunn),2,2,5,2,5,3,1,4,5,1,4,2,4,
2021/10/15 11:26:22 p.m. EET,kvinne,60 - 69 år,universitet/høgskole (tilsvarende bachelor),sysselsatt heltid,privat,ja,venstre,lav,gjennomsnittlig,Norge (ikke innvandrerbakgrunn),5,1,3,5,1,5,3,3,3,1,3,5,5,
2021/10/15 11:26:50 p.m. EET,mann,40 - 49 år,universitet/høgskole (tilsvarende master),sysselsatt heltid,offentlig,ja,venstre,over gjennomsnittet,over gjennomsnittet,Norge (ikke innvandrerbakgrunn),2,3,4,4,3,4,2,2,4,1,2,2,3,
2021/10/15 11:38:47 p.m. EET,kvinne,30 - 39 år,universitet/høgskole (tilsvarende master),sysselsatt heltid,offentlig,ja,sentrum,gjennomsnittlig,under gjennomsnittet,Norge (ikke innvandrerbakgrunn),2,4,5,2,4,3,2,2,5,2,5,2,4,
2021/10/15 11:41:04 p.m. EET,mann,40 - 49 år,universitet/høgskole (tilsvarende bachelor),selvstendig,privat,ja,venstre,gjennomsnittlig,gjennomsnittlig,Norge (ikke innvandrerbakgrunn),5,3,4,5,4,5,3,3,2,5,3,4,1,
2021/10/15 11:45:25 p.m. EET,kvinne,50 - 59 år,universitet/høgskole (tilsvarende bachelor),sysselsatt deltid,frivillig,nei,venstre,gjennomsnittlig,ingen formue,Norge (ikke innvandrerbakgrunn),3,1,3,2,1,4,3,5,1,2,1,5,1,
2021/10/15 11:46:55 p.m. EET,kvinne,50 - 59 år,universitet/høgskole (ph.d.),sysselsatt heltid,offentlig,ja,venstre,over gjennomsnittet,gjennomsnittlig,Norge (ikke innvandrerbakgrunn),5,3,3,5,3,5,3,2,1,4,3,4,4,
2021/10/15 11:50:52 p.m. EET,mann,30 - 39 år,universitet/høgskole (tilsvarende bachelor),sysselsatt deltid,privat,ja,sentrum,under gjennomsnittet,ingen formue,Norge (ikke innvandrerbakgrunn),1,5,5,1,5,1,5,1,5,1,5,1,5,Med mindre dette er et sosialt eksperiment opplever jeg det som et kaldt kommunistisk gufs fra fortiden uten en realistisk fot i virkeligheten. Lurer på om man har tenkt på forhold mellom innsatsen som lå før første jobbtime (dvs utdanning og trening) og risiko når man tenkte på dette.
2021/10/15 11:51:38 p.m. EET,kvinne,30 - 39 år,universitet/høgskole (tilsvarende master),sysselsatt deltid,offentlig,ja,venstre,gjennomsnittlig,gjennomsnittlig,Norge (ikke innvandrerbakgrunn),4,4,3,3,1,5,2,3,3,2,1,5,1,
2021/10/15 11:58:58 p.m. EET,mann,40 - 49 år,universitet/høgskole (tilsvarende master),sysselsatt heltid,privat,ja,venstre,godt over gjennomsnittet,gjennomsnittlig,Norge (ikke innvandrerbakgrunn),4,3,4,5,2,5,2,5,3,1,2,4,2,
2021/10/16 12:04:10 a.m. EET,mann,20 - 29 år,universitet/høgskole (tilsvarende master),sysselsatt deltid,frivillig,nei,høyre,gjennomsnittlig,over gjennomsnittet,Norge (ikke innvandrerbakgrunn),2,2,4,2,4,3,3,2,5,2,5,2,4,
2021/10/16 12:16:12 a.m. EET,mann,40 - 49 år,universitet/høgskole (tilsvarende bachelor),sysselsatt heltid,privat,ja,venstre,over gjennomsnittet,gjennomsnittlig,Norge (ikke innvandrerbakgrunn),3,5,5,2,5,3,2,1,5,1,5,2,4,
2021/10/16 12:16:16 a.m. EET,kvinne,40 - 49 år,universitet/høgskole (tilsvarende master),sysselsatt heltid,privat,nei,høyre,over gjennomsnittet,gjennomsnittlig,Norge (ikke innvandrerbakgrunn),2,5,5,2,5,2,1,1,5,1,5,1,4,
2021/10/16 12:22:01 a.m. EET,mann,20 - 29 år,universitet/høgskole (tilsvarende bachelor),student,privat,nei,nøytral,ingen inntekt,gjennomsnittlig,Norge (ikke innvandrerbakgrunn),1,4,5,1,3,3,2,4,5,2,2,3,3,
2021/10/16 12:24:29 a.m. EET,annet,30 - 39 år,universitet/høgskole (ph.d.),sysselsatt heltid,offentlig,ja,venstre,over gjennomsnittet,over gjennomsnittet,Norge (ikke innvandrerbakgrunn),5,1,3,5,1,5,3,2,3,2,1,5,3,
2021/10/16 12:35:38 a.m. EET,kvinne,40 - 49 år,universitet/høgskole (tilsvarende master),sysselsatt heltid,offentlig,ja,venstre,over gjennomsnittet,under gjennomsnittet,Norge (ikke innvandrerbakgrunn),2,4,5,3,1,2,3,1,5,1,2,2,4,
2021/10/16 1:03:18 a.m. EET,kvinne,40 - 49 år,universitet/høgskole (tilsvarende master),sysselsatt heltid,offentlig,ja,sentrum,over gjennomsnittet,under gjennomsnittet,Norge (ikke innvandrerbakgrunn),1,3,4,1,3,2,3,1,5,2,3,3,2,Kompetanse bør lønne seg. 
2021/10/16 1:03:20 a.m. EET,kvinne,60 - 69 år,universitet/høgskole (tilsvarende master),sysselsatt heltid,privat,ja,venstre,over gjennomsnittet,gjennomsnittlig,Norge (ikke innvandrerbakgrunn),5,5,5,5,1,5,5,5,1,3,5,5,1,
2021/10/16 1:12:09 a.m. EET,kvinne,30 - 39 år,universitet/høgskole (tilsvarende master),selvstendig,privat,nei,nøytral,ingen inntekt,lav,resten av verden,4,1,4,5,2,3,5,1,1,4,1,4,2,Det er viktig for kreativitet 
2021/10/16 1:32:00 a.m. EET,mann,30 - 39 år,universitet/høgskole (tilsvarende master),sysselsatt heltid,offentlig,ja,sentrum,gjennomsnittlig,ingen formue,Norge (ikke innvandrerbakgrunn),4,1,4,5,1,4,3,5,4,1,2,3,3,"Hvor mye denne lønna er, virker å være ganske irrelevant. Næringslivet må vel tilpasse seg lønna uansett. I så fall betyr det bare at det vil ha noe å si i sammenheng med omverden hva denne er. Om en med vanlig 37,5 arb.uke ender på 10 000 i året, må krona være svært sterk. Hvis vi har tilsvarende med 2 000 000 vil den sannsynligvis være betraktelig svakere enn i dag. "
2021/10/16 1:36:23 a.m. EET,mann,40 - 49 år,universitet/høgskole (tilsvarende master),sysselsatt heltid,privat,nei,sentrum,over gjennomsnittet,gjennomsnittlig,Norge (ikke innvandrerbakgrunn),2,3,4,2,3,3,3,1,5,1,3,3,3,Ser frem til et tilsvarende spørreskjema om borgerlønn
2021/10/16 1:38:30 a.m. EET,mann,40 - 49 år,universitet/høgskole (tilsvarende bachelor),sysselsatt heltid,privat,ja,venstre,under gjennomsnittet,gjennomsnittlig,Norge (ikke innvandrerbakgrunn),5,1,3,5,1,5,3,5,3,4,1,5,1,
2021/10/16 2:08:34 a.m. EET,mann,50 - 59 år,universitet/høgskole (tilsvarende master),sysselsatt heltid,privat,nei,sentrum,over gjennomsnittet,godt over gjennomsnittet,Norge (ikke innvandrerbakgrunn),1,3,5,4,3,4,4,1,5,2,1,4,1,
2021/10/16 3:05:53 a.m. EET,mann,30 - 39 år,universitet/høgskole (tilsvarende bachelor),sysselsatt heltid,offentlig,ja,venstre,gjennomsnittlig,gjennomsnittlig,Norge (ikke innvandrerbakgrunn),2,2,5,1,2,1,3,1,4,1,4,2,4,
2021/10/16 4:12:56 a.m. EET,mann,30 - 39 år,universitet/høgskole (tilsvarende bachelor),sysselsatt heltid,privat,nei,venstre,gjennomsnittlig,gjennomsnittlig,Norge (ikke innvandrerbakgrunn),2,3,5,5,4,2,4,1,5,1,4,2,4,
2021/10/16 4:17:03 a.m. EET,mann,30 - 39 år,universitet/høgskole (tilsvarende master),sysselsatt heltid,frivillig,ja,nøytral,gjennomsnittlig,under gjennomsnittet,Norge (ikke innvandrerbakgrunn),3,3,4,4,3,3,3,2,3,1,3,3,3,
2021/10/16 4:26:46 a.m. EET,mann,30 - 39 år,universitet/høgskole (ph.d.),student,,,venstre,ingen inntekt,ingen formue,Norge (ikke innvandrerbakgrunn),5,1,4,5,1,5,4,4,2,3,1,5,1,
2021/10/16 4:28:30 a.m. EET,kvinne,40 - 49 år,fagskole,sysselsatt heltid,privat,nei,,gjennomsnittlig,under gjennomsnittet,utenfor Norge i Vest-Europa,1,5,3,1,2,3,1,1,2,1,4,2,4,.. For  A L L E  ?? Skørt men gøy
2021/10/16 6:07:24 a.m. EET,mann,50 - 59 år,videregående,sysselsatt deltid,privat,ja,venstre,lav,ingen formue,Norge (ikke innvandrerbakgrunn),5,3,4,4,4,3,3,5,2,1,2,3,3,
2021/10/16 6:12:19 a.m. EET,kvinne,40 - 49 år,universitet/høgskole (tilsvarende master),sysselsatt heltid,privat,ja,høyre,over gjennomsnittet,gjennomsnittlig,Norge (ikke innvandrerbakgrunn),2,3,5,1,5,1,1,1,5,1,5,1,5,
2021/10/16 6:17:49 a.m. EET,kvinne,50 - 59 år,universitet/høgskole (tilsvarende bachelor),pensjonert,,nei,sentrum,under gjennomsnittet,gjennomsnittlig,Norge (ikke innvandrerbakgrunn),2,4,5,1,4,3,2,1,4,2,3,3,3,"Lik lønn til alle, som i UBI, gir for mye makt til de som bestemmer lønnsnivået. Lik lønn uavhengig av system kan fordre større grad av 'service to others' enn det folk er beredt til. Fordelen er at selvrealisering, lykke og meningen med livet kan bli mer løsrevet fra lønnsarbeid og skape nye rom for menneskelig samhandling.   "
2021/10/16 6:33:39 a.m. EET,kvinne,30 - 39 år,videregående,sysselsatt heltid,privat,nei,høyre,gjennomsnittlig,gjennomsnittlig,Norge (ikke innvandrerbakgrunn),1,1,5,2,4,2,1,2,5,2,3,3,4,
2021/10/16 6:39:16 a.m. EET,mann,40 - 49 år,universitet/høgskole (tilsvarende master),sysselsatt heltid,privat,nei,venstre,over gjennomsnittet,gjennomsnittlig,Norge (ikke innvandrerbakgrunn),4,4,4,4,2,4,,1,3,4,1,5,2,
2021/10/16 6:55:03 a.m. EET,mann,50 - 59 år,fagskole,sysselsatt heltid,privat,nei,høyre,over gjennomsnittet,over gjennomsnittet,Norge (ikke innvandrerbakgrunn),2,2,4,2,2,3,3,3,4,2,3,3,3,
2021/10/16 7:08:49 a.m. EET,kvinne,60 - 69 år,universitet/høgskole (tilsvarende master),sysselsatt heltid,offentlig,ja,sentrum,gjennomsnittlig,gjennomsnittlig,Norge (ikke innvandrerbakgrunn),3,4,4,3,3,4,2,4,4,2,3,4,3,
2021/10/16 7:09:42 a.m. EET,mann,40 - 49 år,universitet/høgskole (ph.d.),sysselsatt heltid,offentlig,ja,sentrum,godt over gjennomsnittet,over gjennomsnittet,Norge (ikke innvandrerbakgrunn),2,3,5,3,2,2,5,1,5,1,3,3,3,
2021/10/16 7:19:25 a.m. EET,mann,40 - 49 år,videregående,sysselsatt heltid,privat,nei,høyre,over gjennomsnittet,over gjennomsnittet,Norge (ikke innvandrerbakgrunn),1,4,5,1,2,2,3,2,5,1,2,2,4,
2021/10/16 7:26:51 a.m. EET,mann,30 - 39 år,universitet/høgskole (ph.d.),sysselsatt heltid,offentlig,ja,venstre,over gjennomsnittet,under gjennomsnittet,utenfor Norge i Vest-Europa,5,,5,5,1,5,1,,3,2,1,5,1,
2021/10/16 7:45:56 a.m. EET,mann,40 - 49 år,universitet/høgskole (tilsvarende master),selvstendig,privat,nei,høyre,gjennomsnittlig,godt over gjennomsnittet,Norge (ikke innvandrerbakgrunn),2,1,1,2,2,5,5,5,1,5,2,3,3,"Dårlige spm, veldig styrt på følelser"
2021/10/16 7:50:34 a.m. EET,kvinne,40 - 49 år,universitet/høgskole (ph.d.),sysselsatt heltid,offentlig,ja,venstre,over gjennomsnittet,gjennomsnittlig,Norge (ikke innvandrerbakgrunn),4,4,5,4,2,4,3,2,3,2,2,4,2,Kunne vært mer nyanserte spørsmål. 
2021/10/16 7:57:00 a.m. EET,mann,40 - 49 år,universitet/høgskole (tilsvarende master),sysselsatt heltid,privat,nei,venstre,godt over gjennomsnittet,godt over gjennomsnittet,Norge (ikke innvandrerbakgrunn),1,3,5,1,5,1,1,3,5,1,5,1,3,
2021/10/16 8:01:23 a.m. EET,kvinne,30 - 39 år,universitet/høgskole (ph.d.),sysselsatt heltid,offentlig,ja,venstre,over gjennomsnittet,over gjennomsnittet,Norge (ikke innvandrerbakgrunn),5,1,3,5,1,5,3,3,1,4,1,5,1,
2021/10/16 8:05:39 a.m. EET,mann,40 - 49 år,universitet/høgskole (ph.d.),sysselsatt heltid,offentlig,nei,venstre,gjennomsnittlig,gjennomsnittlig,utenfor Norge i Vest-Europa,5,3,5,5,3,5,3,1,3,2,3,5,3,
2021/10/16 8:09:47 a.m. EET,mann,40 - 49 år,universitet/høgskole (tilsvarende master),sysselsatt heltid,privat,nei,høyre,godt over gjennomsnittet,gjennomsnittlig,Norge (ikke innvandrerbakgrunn),2,3,5,1,5,3,2,1,5,1,5,1,5,
2021/10/16 8:14:23 a.m. EET,mann,60 - 69 år,universitet/høgskole (tilsvarende master),sysselsatt heltid,privat,ja,høyre,over gjennomsnittet,gjennomsnittlig,Norge (ikke innvandrerbakgrunn),1,5,5,1,3,3,3,1,5,1,3,2,3,Flere i overkant mangetydige eller uklare spørsmål. Hva har f.eks. «mening i livet» å gjøre med likelønn? Eller likelønn med «selvrealisering»? Det åpner for veldig ulik forståelse av hva man svarer på.  
2021/10/16 8:17:03 a.m. EET,mann,40 - 49 år,universitet/høgskole (tilsvarende master),sysselsatt heltid,privat,ja,venstre,gjennomsnittlig,gjennomsnittlig,Norge (ikke innvandrerbakgrunn),2,4,5,2,3,3,2,2,5,1,4,3,3,
2021/10/16 8:28:59 a.m. EET,mann,30 - 39 år,universitet/høgskole (tilsvarende master),sysselsatt heltid,privat,nei,venstre,over gjennomsnittet,gjennomsnittlig,Norge (ikke innvandrerbakgrunn),3,3,3,2,2,3,3,3,3,2,2,3,3,"Tenker at dette gjør lønn til et motivasjonsargument uansett hvordan man ser på det. Vil det under det premisset være mulig å fylle alle jobber, vil folk kunne heve sin ytelsesevne og vil oppgavene i hver enkelt jobb fordeles mer jevnbyrdig. Alle disse tankene klarte jeg ikke å fri meg fra under spørreundersøkelsen og det gjorde at man ble tvunget til å være nøytral i mange av svarene, fordi jeg følte at svar eller en retning mot et svar på disse spørsmålene må være på plass før man kan ta stilling den ene eller andre veien. "
2021/10/16 8:34:45 a.m. EET,mann,40 - 49 år,universitet/høgskole (tilsvarende master),sysselsatt heltid,offentlig,ja,høyre,over gjennomsnittet,gjennomsnittlig,Norge (ikke innvandrerbakgrunn),1,5,5,2,5,2,1,1,5,1,5,1,5,
2021/10/16 8:43:57 a.m. EET,kvinne,30 - 39 år,universitet/høgskole (ph.d.),sysselsatt heltid,privat,nei,sentrum,gjennomsnittlig,under gjennomsnittet,resten av verden,3,4,4,2,2,4,3,1,5,1,4,3,3,Tenker kanskje på det mer som et tankeeksperiment heller en realistisk mulighet. Kunne man lage et system som ikke kunne misbrukes - kanskje. Men tror dessverre ikke det. Og det farger trolig svarene mine også. 
2021/10/16 8:44:09 a.m. EET,kvinne,40 - 49 år,universitet/høgskole (tilsvarende master),sysselsatt deltid,privat,ja,nøytral,under gjennomsnittet,over gjennomsnittet,Norge (ikke innvandrerbakgrunn),2,5,5,,5,1,,1,5,1,5,1,1,
2021/10/16 8:44:51 a.m. EET,kvinne,50 - 59 år,universitet/høgskole (tilsvarende bachelor),sysselsatt heltid,offentlig,ja,sentrum,gjennomsnittlig,gjennomsnittlig,Norge (ikke innvandrerbakgrunn),2,2,5,2,2,5,3,1,4,1,1,4,2,
2021/10/16 8:53:10 a.m. EET,mann,50 - 59 år,universitet/høgskole (tilsvarende master),sysselsatt deltid,privat,ja,venstre,lav,under gjennomsnittet,Norge (ikke innvandrerbakgrunn),4,2,3,4,2,4,2,2,3,1,2,4,2,Spennende. Lykke til! Jeg har mest tro på lik borgerlønn der en kan/må jobbe ved siden av. 
2021/10/16 9:08:16 a.m. EET,mann,30 - 39 år,fagskole,sysselsatt heltid,privat,nei,sentrum,gjennomsnittlig,over gjennomsnittet,Norge (ikke innvandrerbakgrunn),2,4,5,3,3,3,3,4,5,1,4,2,4,
2021/10/16 9:13:22 a.m. EET,mann,60 - 69 år,universitet/høgskole (tilsvarende bachelor),pensjonert,offentlig,ja,sentrum,gjennomsnittlig,gjennomsnittlig,Norge (ikke innvandrerbakgrunn),2,4,4,2,5,2,2,1,5,2,5,3,4,
2021/10/16 9:17:44 a.m. EET,mann,40 - 49 år,universitet/høgskole (tilsvarende bachelor),sysselsatt heltid,privat,ja,høyre,over gjennomsnittet,over gjennomsnittet,Norge (ikke innvandrerbakgrunn),1,2,4,2,4,3,1,,5,1,5,2,5,
2021/10/16 9:23:23 a.m. EET,mann,50 - 59 år,universitet/høgskole (tilsvarende master),sysselsatt heltid,offentlig,ja,venstre,under gjennomsnittet,under gjennomsnittet,Norge (ikke innvandrerbakgrunn),4,4,5,4,4,4,4,4,4,2,4,4,4,
2021/10/16 9:33:29 a.m. EET,mann,50 - 59 år,universitet/høgskole (ph.d.),sysselsatt heltid,privat,nei,venstre,over gjennomsnittet,gjennomsnittlig,resten av verden,4,2,3,5,2,5,1,3,3,1,2,3,3,
2021/10/16 9:38:52 a.m. EET,kvinne,40 - 49 år,universitet/høgskole (tilsvarende master),sysselsatt heltid,offentlig,ja,venstre,gjennomsnittlig,gjennomsnittlig,Norge (ikke innvandrerbakgrunn),2,2,5,4,3,5,2,5,5,2,3,4,4,
2021/10/16 9:45:19 a.m. EET,mann,40 - 49 år,universitet/høgskole (ph.d.),selvstendig,privat,nei,høyre,godt over gjennomsnittet,gjennomsnittlig,Norge (ikke innvandrerbakgrunn),2,4,5,1,3,2,5,1,5,1,2,2,5,
2021/10/16 9:46:05 a.m. EET,mann,30 - 39 år,universitet/høgskole (tilsvarende bachelor),arbeidsledig,privat,nei,venstre,godt over gjennomsnittet,gjennomsnittlig,Norge (ikke innvandrerbakgrunn),5,1,4,5,1,5,4,4,1,1,1,5,1,Som tidligere marihuanadyrker og derav høy inntekt har jeg vært på utsiden av samfunnet hele mitt voksne liv (40 år). Økonomisk frihet stimulerer kreativitet. Økonimisk frihet vil på sikt utløse fantastiske ting for individ og samfunn
2021/10/16 9:54:32 a.m. EET,mann,70 år eller mer,universitet/høgskole (tilsvarende master),pensjonert,privat,ja,venstre,over gjennomsnittet,over gjennomsnittet,Norge (ikke innvandrerbakgrunn),3,2,3,2,3,4,2,1,4,1,3,2,3,
2021/10/16 10:00:43 a.m. EET,kvinne,50 - 59 år,universitet/høgskole (tilsvarende bachelor),sysselsatt heltid,offentlig,ja,nøytral,gjennomsnittlig,over gjennomsnittet,Norge (ikke innvandrerbakgrunn),4,3,4,3,3,4,3,3,4,2,3,4,3,
2021/10/16 10:01:50 a.m. EET,kvinne,20 - 29 år,universitet/høgskole (tilsvarende master),sysselsatt heltid,offentlig,ja,venstre,gjennomsnittlig,gjennomsnittlig,Norge (ikke innvandrerbakgrunn),2,4,4,3,4,2,2,2,5,1,4,3,1,
2021/10/16 10:03:08 a.m. EET,mann,40 - 49 år,universitet/høgskole (tilsvarende master),sysselsatt heltid,privat,ja,venstre,gjennomsnittlig,gjennomsnittlig,Norge (ikke innvandrerbakgrunn),4,2,3,5,2,5,3,2,2,3,2,5,2,
2021/10/16 10:03:59 a.m. EET,kvinne,40 - 49 år,universitet/høgskole (tilsvarende master),sysselsatt deltid,privat,ja,venstre,under gjennomsnittet,over gjennomsnittet,Norge (ikke innvandrerbakgrunn),2,4,4,3,3,4,5,1,5,2,4,4,5,"Utdanning og videreutdanning blir utfordrene siden det har en stor kostnad. Utgifter etter utdannelse/videreutdanning er i min bransje allerede noe som koster betydelig mer en vi får igjen i lønn, noe som gjør at vi tjener relativt dårligere enn de som ikke har lang utdanning. De ikke sitter med den samme belastningen på nedbetaling og ikke minst enorm mengde tid som tar all fritiden (og som vi ikke får betalt for).
I min bransje ville større lønnsforskjeller oppleves mer rettferdig. "
2021/10/16 10:10:43 a.m. EET,mann,40 - 49 år,universitet/høgskole (tilsvarende master),selvstendig,privat,ja,sentrum,over gjennomsnittet,gjennomsnittlig,Norge (ikke innvandrerbakgrunn),3,4,5,4,4,2,2,2,4,2,3,3,4,
2021/10/16 10:35:31 a.m. EET,kvinne,50 - 59 år,universitet/høgskole (ph.d.),sysselsatt heltid,offentlig,ja,nøytral,godt over gjennomsnittet,gjennomsnittlig,Norge (ikke innvandrerbakgrunn),5,2,5,4,5,5,1,1,3,1,2,3,3,
2021/10/16 10:36:43 a.m. EET,kvinne,60 - 69 år,universitet/høgskole (tilsvarende bachelor),selvstendig,privat,ja,venstre,under gjennomsnittet,gjennomsnittlig,Norge (ikke innvandrerbakgrunn),5,2,4,5,1,5,3,3,2,2,2,5,1,"Skattenivået må også være likt.  Mennesker med ekstra behov må få ytelser fra det offentlige(f eks tilrettelagt bolig og bil hvis man får funksjonsnedsettelse av sykdom eller skade, både voksne og barn)"
2021/10/16 10:41:23 a.m. EET,mann,60 - 69 år,universitet/høgskole (tilsvarende master),sysselsatt heltid,offentlig,ja,venstre,over gjennomsnittet,ingen formue,Norge (ikke innvandrerbakgrunn),4,3,4,4,1,4,1,2,2,2,2,4,2,"Svarene bører preg av eget ståsted. Det er klart at de som har det tøft økonomisk vil svare på bakgrunn av situasjonen, og motsatt. Det hadde vært enda mer interessant å forske på borgerlønn ordning og hvor den skulle ligge i en økonomisk skala. "
2021/10/16 10:56:00 a.m. EET,kvinne,20 - 29 år,universitet/høgskole (tilsvarende master),student,offentlig,nei,sentrum,lav,ingen formue,Norge (ikke innvandrerbakgrunn),1,3,5,4,4,2,3,1,5,1,5,2,4,
2021/10/16 10:59:03 a.m. EET,mann,40 - 49 år,fagskole,sysselsatt heltid,privat,ja,venstre,under gjennomsnittet,ingen formue,Norge (ikke innvandrerbakgrunn),4,1,5,2,1,5,5,1,3,1,4,5,2,
2021/10/16 11:08:14 a.m. EET,kvinne,40 - 49 år,universitet/høgskole (tilsvarende master),sysselsatt heltid,offentlig,ja,sentrum,gjennomsnittlig,gjennomsnittlig,Norge (ikke innvandrerbakgrunn),3,3,3,4,2,4,4,1,5,1,5,1,5,
2021/10/16 11:37:48 a.m. EET,kvinne,30 - 39 år,universitet/høgskole (tilsvarende bachelor),sysselsatt heltid,offentlig,ja,venstre,over gjennomsnittet,ingen formue,Norge (2./3. generasjon innvandrer),4,4,4,4,2,4,3,1,4,2,2,4,2,
2021/10/16 11:38:21 a.m. EET,mann,30 - 39 år,universitet/høgskole (tilsvarende bachelor),student,offentlig,ja,sentrum,under gjennomsnittet,ingen formue,Norge (ikke innvandrerbakgrunn),3,2,4,2,1,4,3,5,,2,1,3,2,
2021/10/16 11:42:53 a.m. EET,,50 - 59 år,universitet/høgskole (ph.d.),sysselsatt heltid,offentlig,ja,venstre,over gjennomsnittet,gjennomsnittlig,Norge (ikke innvandrerbakgrunn),5,2,5,4,2,5,1,1,4,2,4,4,2,Et grunnleggende premiss er at man da tar utdannelse for mer interessant jobb + evt kunnskapstørst istedenfor for å få mer lønn. Studiefinansieringen bør da omlegges til 100% stipend
2021/10/16 11:47:04 a.m. EET,mann,50 - 59 år,universitet/høgskole (tilsvarende master),sysselsatt heltid,privat,ja,høyre,over gjennomsnittet,lav,Norge (ikke innvandrerbakgrunn),1,1,5,1,1,2,5,1,5,1,5,1,5,
2021/10/16 11:49:49 a.m. EET,kvinne,30 - 39 år,universitet/høgskole (ph.d.),sysselsatt heltid,offentlig,ja,venstre,over gjennomsnittet,ingen formue,Norge (ikke innvandrerbakgrunn),2,4,2,3,3,3,2,2,4,2,4,3,3,
2021/10/16 11:49:59 a.m. EET,kvinne,20 - 29 år,universitet/høgskole (tilsvarende master),sysselsatt heltid,offentlig,ja,venstre,gjennomsnittlig,under gjennomsnittet,Norge (ikke innvandrerbakgrunn),4,1,5,4,1,5,1,3,1,1,1,4,1,
2021/10/16 11:56:22 a.m. EET,kvinne,30 - 39 år,universitet/høgskole (tilsvarende master),student,,nei,venstre,gjennomsnittlig,gjennomsnittlig,utenfor Norge i Vest-Europa,3,2,5,3,2,4,2,2,3,3,2,4,2,
2021/10/16 11:57:02 a.m. EET,mann,50 - 59 år,universitet/høgskole (ph.d.),sysselsatt heltid,offentlig,ja,venstre,godt over gjennomsnittet,gjennomsnittlig,Norge (ikke innvandrerbakgrunn),2,4,5,3,4,4,1,1,4,1,4,2,3,
2021/10/16 11:57:46 a.m. EET,kvinne,30 - 39 år,universitet/høgskole (tilsvarende bachelor),sysselsatt heltid,offentlig,ja,høyre,under gjennomsnittet,lav,Norge (ikke innvandrerbakgrunn),3,1,3,3,1,3,3,2,3,1,1,3,3,
2021/10/16 12:01:21 p.m. EET,kvinne,20 - 29 år,universitet/høgskole (tilsvarende master),student,offentlig,nei,venstre,lav,gjennomsnittlig,Norge (ikke innvandrerbakgrunn),4,1,4,5,1,5,1,3,2,2,1,5,1,
2021/10/16 12:01:26 p.m. EET,mann,40 - 49 år,universitet/høgskole (ph.d.),sysselsatt heltid,offentlig,ja,venstre,over gjennomsnittet,ingen formue,Norge (ikke innvandrerbakgrunn),1,5,5,1,5,2,1,1,5,1,5,3,4,
2021/10/16 12:04:05 p.m. EET,mann,40 - 49 år,universitet/høgskole (tilsvarende bachelor),selvstendig,privat,nei,venstre,over gjennomsnittet,under gjennomsnittet,Norge (ikke innvandrerbakgrunn),4,5,3,5,2,5,2,1,3,1,1,5,1,
2021/10/16 12:05:04 p.m. EET,mann,60 - 69 år,fagskole,arbeidsledig,privat,nei,venstre,gjennomsnittlig,ingen formue,resten av verden,1,4,4,5,1,5,4,1,1,5,1,5,2,
2021/10/16 12:09:25 p.m. EET,mann,30 - 39 år,universitet/høgskole (tilsvarende bachelor),sysselsatt deltid,privat,ja,høyre,gjennomsnittlig,ingen formue,resten av verden,1,4,5,2,2,2,2,4,5,1,4,1,5,
2021/10/16 12:11:15 p.m. EET,mann,60 - 69 år,universitet/høgskole (tilsvarende bachelor),sysselsatt heltid,offentlig,ja,venstre,gjennomsnittlig,gjennomsnittlig,Norge (ikke innvandrerbakgrunn),1,3,4,2,4,3,3,2,5,1,3,3,3,
2021/10/16 12:11:47 p.m. EET,kvinne,50 - 59 år,universitet/høgskole (tilsvarende master),sysselsatt deltid,offentlig,nei,venstre,under gjennomsnittet,ingen formue,Norge (ikke innvandrerbakgrunn),4,4,5,4,3,5,3,1,2,1,1,5,1,"For meg er det ideelle at man kan tjene litt forskjellig, men at det settes et tak for topplønn. Grense på 1,5 mill virker rimelig for meg. "
2021/10/16 12:14:02 p.m. EET,mann,30 - 39 år,universitet/høgskole (tilsvarende bachelor),sysselsatt heltid,frivillig,ja,sentrum,gjennomsnittlig,gjennomsnittlig,Norge (ikke innvandrerbakgrunn),3,3,4,2,3,2,2,2,4,1,2,3,3,
2021/10/16 12:14:23 p.m. EET,mann,30 - 39 år,universitet/høgskole (tilsvarende master),sysselsatt heltid,privat,ja,høyre,over gjennomsnittet,lav,Norge (ikke innvandrerbakgrunn),1,3,5,1,5,1,1,1,5,1,5,1,5,
2021/10/16 12:20:42 p.m. EET,mann,30 - 39 år,universitet/høgskole (tilsvarende bachelor),sysselsatt heltid,privat,nei,venstre,over gjennomsnittet,gjennomsnittlig,Norge (ikke innvandrerbakgrunn),2,1,4,2,1,4,3,4,3,1,2,5,2,
2021/10/16 12:22:48 p.m. EET,kvinne,40 - 49 år,universitet/høgskole (ph.d.),sysselsatt heltid,privat,nei,sentrum,gjennomsnittlig,lav,Norge (ikke innvandrerbakgrunn),2,1,5,2,1,4,3,1,4,2,1,3,3,
2021/10/16 12:23:47 p.m. EET,kvinne,20 - 29 år,universitet/høgskole (tilsvarende master),selvstendig,privat,nei,venstre,under gjennomsnittet,under gjennomsnittet,Norge (ikke innvandrerbakgrunn),2,2,2,2,1,5,2,1,3,1,1,5,1,"Jeg er egentlig veldig for lik lønn for alle, men mitt store spørsmål og det eneste som taler imot en slik ordning er da om utdannelsesløp som per i dag ikke er lønnet også bør ansees som en ytelse som samfunnet nyter godt av? Som ferdig uteksaminert masterstudent, så burde jeg i dette scenarioet med lik lønn bare startet å jobbe så fort jeg hadde hatt mulighet i stedet for, og droppet utdannelse. Da vi per i dag heller taper penger på å ta utdannelse som igjen fort kan bli mange ulønna år (mer i lån, færre timer med lønn osv.). Ved at jeg kanskje får litt høyere årslønn i dag pga nivå av utdannelse, sammenlignet med de som kanskje ikke har brukt 8 år på studier, kan jo føre til at jeg kanskje ""tar igjen"" de som har jobbet siden de gikk ut med fagbrev o.l og har hatt fast jobb i 8 år? (+/-). Har forøvrig ikke en råfancy jobb nå heller,men det er selvvalgt og har ingenting med den utfordringen som jeg ser med dette konseptet i dag ?? men kul studie!"
2021/10/16 12:27:56 p.m. EET,mann,30 - 39 år,universitet/høgskole (tilsvarende bachelor),sysselsatt heltid,privat,nei,sentrum,gjennomsnittlig,gjennomsnittlig,Norge (ikke innvandrerbakgrunn),1,4,5,2,3,2,5,1,5,2,4,3,3,
2021/10/16 12:37:47 p.m. EET,mann,50 - 59 år,universitet/høgskole (tilsvarende master),sysselsatt heltid,offentlig,ja,høyre,godt over gjennomsnittet,godt over gjennomsnittet,Norge (ikke innvandrerbakgrunn),2,5,5,5,5,2,3,1,5,1,5,1,5,
2021/10/16 12:38:43 p.m. EET,mann,40 - 49 år,universitet/høgskole (tilsvarende master),selvstendig,privat,ja,sentrum,over gjennomsnittet,ingen formue,Norge (ikke innvandrerbakgrunn),1,5,5,1,5,,1,1,5,1,5,1,5,Lik lønn for alle er kun rettferdig der ingen jobber. Da kan man kanskje være fornøyd med ordningen. Man kan kanskje i et slikt samfunn oppnå ekstra goder ved det sosiale engasjementet?
2021/10/16 12:44:23 p.m. EET,mann,20 - 29 år,universitet/høgskole (tilsvarende master),sysselsatt heltid,privat,ja,venstre,over gjennomsnittet,under gjennomsnittet,Norge (ikke innvandrerbakgrunn),5,3,4,4,3,5,5,1,4,2,2,3,3,
2021/10/16 12:45:33 p.m. EET,mann,40 - 49 år,universitet/høgskole (tilsvarende bachelor),selvstendig,privat,nei,nøytral,godt over gjennomsnittet,under gjennomsnittet,utenfor Norge i Vest-Europa,3,3,5,2,5,3,2,1,4,1,4,3,3,
2021/10/16 12:45:53 p.m. EET,mann,60 - 69 år,universitet/høgskole (tilsvarende bachelor),sysselsatt heltid,privat,nei,høyre,godt over gjennomsnittet,over gjennomsnittet,Norge (ikke innvandrerbakgrunn),2,,4,2,,2,,1,5,1,3,,,
2021/10/16 12:47:35 p.m. EET,kvinne,20 - 29 år,universitet/høgskole (tilsvarende master),student,,nei,høyre,ingen inntekt,over gjennomsnittet,Norge (ikke innvandrerbakgrunn),1,3,5,1,5,1,5,2,5,1,5,1,5,
2021/10/16 12:49:30 p.m. EET,kvinne,30 - 39 år,universitet/høgskole (tilsvarende master),selvstendig,privat,,sentrum,over gjennomsnittet,gjennomsnittlig,Norge (ikke innvandrerbakgrunn),4,4,4,4,3,5,3,1,4,2,2,4,2,"Kul tanke. Det bør være rom for litt ulikhet, det tåler vi godt. Men den graden av ulikhet vi har nå er uakseptabel og overhodet ikke bærekraftig. "
2021/10/16 12:59:53 p.m. EET,kvinne,40 - 49 år,fagskole,sysselsatt deltid,offentlig,ja,venstre,under gjennomsnittet,ingen formue,Norge (ikke innvandrerbakgrunn),4,2,4,4,5,4,5,2,1,3,1,4,1,
2021/10/16 1:14:10 p.m. EET,kvinne,50 - 59 år,universitet/høgskole (tilsvarende master),sysselsatt heltid,offentlig,ja,venstre,gjennomsnittlig,under gjennomsnittet,utenfor Norge i Vest-Europa,2,4,5,3,5,3,1,1,5,1,5,2,5,"Der er ekstremt viktig å ha en transparent og godt fungerende velferdstat der vi tar vare på dem som ikke kan jobbe eller jobbe fullt for å heve eksistenssikrende lønn.Det er langt fra det samme som likelønn. Like viktig er det at de som er priviligert ved fødsel, muligheter eller flaks, deler. Men hardt arbeid må belønnes. Uten dette synker motivasjon og utvikling vil stanse. Mennesker sammenlikner seg og har behov for å hevde seg på ulike måter for å definere sin identitet og stake sin kurs. Lønn og og rikdom er så gammel som menneskeheten selv. Likelønn er en like absurd utopi som å si at likestilling betyr at menn og kvinner er like eller at alle artister skal få Grammy awards fordi de sang så fint. Arbeidslivet fungerer dårlig etter ""Dabei sein ist alles. "" "
2021/10/16 1:17:26 p.m. EET,mann,30 - 39 år,universitet/høgskole (ph.d.),sysselsatt heltid,privat,ja,sentrum,godt over gjennomsnittet,ingen formue,Norge (ikke innvandrerbakgrunn),4,2,4,3,4,4,3,2,3,1,2,3,3,
2021/10/16 1:22:20 p.m. EET,mann,20 - 29 år,universitet/høgskole (tilsvarende bachelor),sysselsatt heltid,privat,ja,sentrum,over gjennomsnittet,ingen formue,Norge (ikke innvandrerbakgrunn),2,4,5,2,3,3,2,1,5,1,2,3,3,"Grad av ansvar, kompleksitet i arbeid, etterspurt kompetanse, utdannelse/relevant erfaring er noen av tingene som gjør at yrker/stillinger bør lønnes ulikt. "
2021/10/16 1:31:27 p.m. EET,mann,50 - 59 år,universitet/høgskole (tilsvarende master),sysselsatt heltid,privat,nei,sentrum,over gjennomsnittet,over gjennomsnittet,Norge (ikke innvandrerbakgrunn),1,5,5,1,5,1,1,1,5,1,5,1,5,
2021/10/16 1:57:50 p.m. EET,mann,20 - 29 år,universitet/høgskole (tilsvarende master),sysselsatt heltid,offentlig,ja,sentrum,gjennomsnittlig,under gjennomsnittet,Norge (ikke innvandrerbakgrunn),2,4,4,4,3,4,1,1,5,2,4,3,3,
2021/10/16 2:07:24 p.m. EET,mann,30 - 39 år,grunnskole,selvstendig,privat,nei,sentrum,over gjennomsnittet,gjennomsnittlig,Norge (ikke innvandrerbakgrunn),1,1,5,1,3,3,3,1,5,1,5,1,5,
2021/10/16 2:20:35 p.m. EET,mann,40 - 49 år,videregående,arbeidsledig,privat,ja,venstre,under gjennomsnittet,ingen formue,Norge (ikke innvandrerbakgrunn),4,2,5,4,3,4,4,2,2,5,3,4,2,
2021/10/16 2:21:26 p.m. EET,kvinne,30 - 39 år,universitet/høgskole (tilsvarende bachelor),sysselsatt heltid,offentlig,ja,venstre,over gjennomsnittet,ingen formue,Norge (ikke innvandrerbakgrunn),5,1,3,5,1,5,4,3,2,2,2,5,1,
2021/10/16 2:22:36 p.m. EET,kvinne,70 år eller mer,universitet/høgskole (tilsvarende bachelor),pensjonert,privat,ja,sentrum,under gjennomsnittet,gjennomsnittlig,Norge (ikke innvandrerbakgrunn),1,4,5,2,5,3,2,1,5,1,5,5,3,Det må lønne seg å ta utdannelse og ha arbeid med mye ansvar 
2021/10/16 2:23:13 p.m. EET,mann,under 20 år,videregående,arbeidsledig,,nei,venstre,ingen inntekt,ingen formue,Norge (ikke innvandrerbakgrunn),4,4,5,5,3,,,2,3,2,3,4,3,
2021/10/16 2:30:20 p.m. EET,kvinne,40 - 49 år,universitet/høgskole (tilsvarende master),sysselsatt heltid,offentlig,ja,sentrum,over gjennomsnittet,gjennomsnittlig,Norge (ikke innvandrerbakgrunn),2,4,5,2,4,3,3,1,5,1,4,3,3,
2021/10/16 2:48:52 p.m. EET,mann,30 - 39 år,universitet/høgskole (tilsvarende master),sysselsatt heltid,privat,ja,venstre,over gjennomsnittet,lav,Norge (ikke innvandrerbakgrunn),4,2,3,4,1,5,3,2,2,3,1,5,1,
2021/10/16 3:01:20 p.m. EET,mann,40 - 49 år,universitet/høgskole (tilsvarende bachelor),sysselsatt heltid,privat,nei,høyre,over gjennomsnittet,godt over gjennomsnittet,Norge (ikke innvandrerbakgrunn),1,3,5,1,5,2,1,5,5,1,3,1,3,
2021/10/16 3:19:55 p.m. EET,mann,40 - 49 år,universitet/høgskole (ph.d.),sysselsatt heltid,offentlig,ja,nøytral,over gjennomsnittet,lav,Norge (ikke innvandrerbakgrunn),2,3,4,2,3,4,2,1,4,1,3,3,2,
2021/10/16 3:48:28 p.m. EET,kvinne,40 - 49 år,universitet/høgskole (tilsvarende master),sysselsatt heltid,offentlig,ja,venstre,over gjennomsnittet,over gjennomsnittet,Norge (ikke innvandrerbakgrunn),1,1,5,1,1,3,2,1,4,1,3,3,1,
2021/10/16 3:56:38 p.m. EET,kvinne,50 - 59 år,universitet/høgskole (tilsvarende bachelor),sysselsatt heltid,offentlig,ja,nøytral,gjennomsnittlig,gjennomsnittlig,Norge (ikke innvandrerbakgrunn),2,2,3,2,3,4,4,3,2,3,2,4,2,
2021/10/16 4:07:02 p.m. EET,kvinne,50 - 59 år,universitet/høgskole (tilsvarende master),sysselsatt heltid,offentlig,ja,nøytral,gjennomsnittlig,lav,Norge (ikke innvandrerbakgrunn),1,3,3,1,3,3,3,5,5,2,3,3,3,"Lik lønn for alle basert på utdanning og stilling er en bra ting. Lik lønn for alle uansett utdanning, stilling er demotiverende og ikke rettferdig."
2021/10/16 4:07:05 p.m. EET,mann,40 - 49 år,universitet/høgskole (tilsvarende master),sysselsatt heltid,privat,nei,høyre,godt over gjennomsnittet,over gjennomsnittet,Norge (ikke innvandrerbakgrunn),2,4,5,1,4,3,4,1,4,1,5,3,3,
2021/10/16 4:46:01 p.m. EET,kvinne,40 - 49 år,universitet/høgskole (ph.d.),sysselsatt heltid,offentlig,ja,sentrum,godt over gjennomsnittet,gjennomsnittlig,Norge (ikke innvandrerbakgrunn),3,4,5,4,5,4,2,1,5,1,2,2,3,
2021/10/16 4:58:24 p.m. EET,kvinne,30 - 39 år,universitet/høgskole (ph.d.),sysselsatt heltid,offentlig,ja,nøytral,over gjennomsnittet,over gjennomsnittet,utenfor Norge i Vest-Europa,2,3,5,2,4,2,3,1,5,2,4,3,4,
2021/10/16 5:03:46 p.m. EET,mann,40 - 49 år,universitet/høgskole (ph.d.),sysselsatt heltid,offentlig,ja,venstre,over gjennomsnittet,gjennomsnittlig,Norge (ikke innvandrerbakgrunn),4,1,3,4,1,4,2,1,2,2,1,3,2,
2021/10/16 5:04:23 p.m. EET,mann,50 - 59 år,videregående,sysselsatt heltid,offentlig,nei,venstre,over gjennomsnittet,under gjennomsnittet,Norge (ikke innvandrerbakgrunn),4,2,3,4,2,5,2,4,2,4,2,5,2,
2021/10/16 5:34:38 p.m. EET,mann,20 - 29 år,universitet/høgskole (tilsvarende master),sysselsatt heltid,privat,ja,venstre,over gjennomsnittet,ingen formue,resten av verden,4,1,4,4,3,5,5,1,2,1,1,3,3,
2021/10/16 5:41:15 p.m. EET,kvinne,40 - 49 år,universitet/høgskole (tilsvarende master),sysselsatt heltid,offentlig,ja,sentrum,over gjennomsnittet,ingen formue,Norge (ikke innvandrerbakgrunn),2,5,3,1,5,3,3,1,5,1,5,2,5,
2021/10/16 5:43:00 p.m. EET,mann,60 - 69 år,universitet/høgskole (tilsvarende master),sysselsatt heltid,offentlig,ja,sentrum,over gjennomsnittet,lav,Norge (ikke innvandrerbakgrunn),1,5,5,1,5,3,1,1,5,1,5,2,4,
2021/10/16 6:07:27 p.m. EET,kvinne,20 - 29 år,universitet/høgskole (ph.d.),sysselsatt heltid,offentlig,ja,sentrum,gjennomsnittlig,under gjennomsnittet,Norge (ikke innvandrerbakgrunn),4,4,5,5,4,4,3,1,3,2,2,3,2,Jeg skulle ønske det fremgikk hvordan man ville tenkt om studielån ved høyere utdanning under «lik lønn for alle». Ville man feks også fått lønn som student? Dersom man har 7 år med lån begynner man jo mye «dårligere» enn dersom man går rett i arbeid etter VGS. Ville «lik lønn for alle» tatt høyde for slike studielån?
2021/10/16 6:32:39 p.m. EET,mann,20 - 29 år,universitet/høgskole (tilsvarende master),sysselsatt heltid,offentlig,ja,høyre,over gjennomsnittet,over gjennomsnittet,Norge (ikke innvandrerbakgrunn),1,5,5,1,5,1,1,1,5,1,5,1,5,"Lik lønn uansett yrke og arbeid ville bare ha ødelagt. Hvorfor ta en lang doktor utdanning, når du uansett vil tjene det samme som om jobbe i kassa på kiwi?"
2021/10/16 6:41:44 p.m. EET,kvinne,30 - 39 år,universitet/høgskole (ph.d.),sysselsatt heltid,offentlig,ja,sentrum,over gjennomsnittet,over gjennomsnittet,Norge (ikke innvandrerbakgrunn),1,5,5,1,5,1,1,1,5,1,5,1,5,
2021/10/16 7:11:30 p.m. EET,kvinne,40 - 49 år,universitet/høgskole (tilsvarende bachelor),selvstendig,privat,nei,høyre,gjennomsnittlig,over gjennomsnittet,Norge (ikke innvandrerbakgrunn),1,5,5,1,5,2,1,,5,1,5,1,5,
2021/10/16 7:37:30 p.m. EET,mann,40 - 49 år,universitet/høgskole (tilsvarende bachelor),sysselsatt heltid,privat,nei,venstre,over gjennomsnittet,gjennomsnittlig,Norge (ikke innvandrerbakgrunn),3,4,5,2,4,2,4,1,5,1,3,2,4,
2021/10/16 8:01:19 p.m. EET,mann,40 - 49 år,universitet/høgskole (tilsvarende master),sysselsatt heltid,offentlig,ja,sentrum,gjennomsnittlig,under gjennomsnittet,Norge (ikke innvandrerbakgrunn),1,4,5,2,2,3,5,1,5,1,2,3,3,
2021/10/16 8:09:46 p.m. EET,kvinne,40 - 49 år,universitet/høgskole (tilsvarende master),sysselsatt heltid,privat,ja,sentrum,over gjennomsnittet,gjennomsnittlig,Norge (ikke innvandrerbakgrunn),1,2,4,2,1,3,1,3,5,1,3,3,3,
2021/10/16 8:17:53 p.m. EET,mann,40 - 49 år,universitet/høgskole (tilsvarende bachelor),sysselsatt deltid,offentlig,ja,sentrum,gjennomsnittlig,over gjennomsnittet,Norge (ikke innvandrerbakgrunn),1,,5,1,3,2,3,1,5,1,5,1,5,
2021/10/16 8:21:49 p.m. EET,kvinne,30 - 39 år,universitet/høgskole (tilsvarende master),sysselsatt heltid,frivillig,ja,sentrum,gjennomsnittlig,ingen formue,Norge (ikke innvandrerbakgrunn),2,4,5,2,4,3,2,1,5,1,5,3,3,
2021/10/16 8:25:54 p.m. EET,kvinne,20 - 29 år,universitet/høgskole (tilsvarende bachelor),student,,nei,venstre,ingen inntekt,gjennomsnittlig,Norge (ikke innvandrerbakgrunn),5,1,4,5,2,5,3,2,1,3,3,4,2,
2021/10/16 8:39:48 p.m. EET,kvinne,40 - 49 år,universitet/høgskole (tilsvarende master),sysselsatt heltid,offentlig,ja,venstre,gjennomsnittlig,lav,Norge (ikke innvandrerbakgrunn),4,2,4,4,2,4,4,4,2,2,2,4,2,
2021/10/16 8:56:05 p.m. EET,mann,40 - 49 år,universitet/høgskole (tilsvarende master),sysselsatt heltid,offentlig,ja,venstre,over gjennomsnittet,under gjennomsnittet,Norge (ikke innvandrerbakgrunn),3,1,4,4,1,5,2,1,4,1,1,4,2,
2021/10/16 9:03:22 p.m. EET,kvinne,40 - 49 år,universitet/høgskole (tilsvarende master),sysselsatt heltid,offentlig,ja,nøytral,over gjennomsnittet,ingen formue,Norge (ikke innvandrerbakgrunn),2,3,5,2,3,3,3,4,5,1,3,2,3,"Lik lønn blir ikke likt. Noe arbeid krever mer innsats enn annet. utdanning: koster penger, man får studielån og kommer senere ut i arbeidslivet. Eller at det er andre ulemper som skiftarbeid e.a. som bør kompenseres for. "
2021/10/16 9:32:21 p.m. EET,kvinne,40 - 49 år,universitet/høgskole (tilsvarende master),sysselsatt heltid,offentlig,ja,nøytral,over gjennomsnittet,gjennomsnittlig,Norge (ikke innvandrerbakgrunn),2,4,4,,,,,,3,1,3,3,4,"Noe forskjeller driver utvikling og motivasjon. Men forskjellene må ikke bli for store. Det er jobber med større risiko, og ansvar, så noen forskjeller på lønn må det være. Ulikheter kan motiverer til å bidra i fellesskapet for å yte noe for andre. Fullstendig likhet kan skape likegyldighet kanskje. "
2021/10/16 9:34:56 p.m. EET,kvinne,50 - 59 år,fagskole,sysselsatt heltid,privat,ja,høyre,gjennomsnittlig,ingen formue,Norge (ikke innvandrerbakgrunn),3,,4,2,3,,,5,3,1,2,3,2,
2021/10/16 9:41:43 p.m. EET,mann,20 - 29 år,videregående,sysselsatt heltid,privat,nei,venstre,gjennomsnittlig,ingen formue,Norge (ikke innvandrerbakgrunn),5,1,3,5,1,5,2,3,1,5,1,5,2,"Med tanke på miljøkrisen vi er i, så ville en lønn på rundt 4-5 hundredetusen vær mer enn nok. Kjøpe mindre = bedre for miljø, men også mer enn nok for å gjøre de tingene som en selv ønsker. Økning kan komme etter krisen har stabilisert seg eller det er en situasjon som tilsier at vi kan øke lønnen. "
2021/10/16 9:42:33 p.m. EET,mann,30 - 39 år,universitet/høgskole (tilsvarende master),sysselsatt heltid,privat,nei,høyre,gjennomsnittlig,ingen formue,Norge (ikke innvandrerbakgrunn),4,2,5,5,2,5,2,1,3,3,1,4,4,
2021/10/16 9:44:54 p.m. EET,kvinne,20 - 29 år,universitet/høgskole (tilsvarende bachelor),sysselsatt deltid,privat,nei,høyre,gjennomsnittlig,gjennomsnittlig,Norge (ikke innvandrerbakgrunn),3,1,,5,3,,3,1,4,2,2,2,2,
2021/10/16 9:45:13 p.m. EET,mann,20 - 29 år,fagskole,sysselsatt heltid,privat,nei,venstre,gjennomsnittlig,ingen formue,Norge (ikke innvandrerbakgrunn),4,4,5,4,2,4,4,2,2,3,1,5,1,
2021/10/16 9:56:52 p.m. EET,mann,30 - 39 år,fagskole,sysselsatt heltid,privat,ja,venstre,over gjennomsnittet,gjennomsnittlig,utenfor Norge i Vest-Europa,3,2,4,3,2,3,3,1,4,2,2,4,3,
2021/10/16 10:00:15 p.m. EET,kvinne,40 - 49 år,universitet/høgskole (ph.d.),sysselsatt heltid,offentlig,ja,sentrum,gjennomsnittlig,lav,Norge (ikke innvandrerbakgrunn),5,1,3,5,1,5,5,3,1,2,1,5,1,
2021/10/16 10:13:34 p.m. EET,kvinne,50 - 59 år,universitet/høgskole (tilsvarende master),sysselsatt heltid,offentlig,ja,sentrum,gjennomsnittlig,gjennomsnittlig,Norge (ikke innvandrerbakgrunn),3,3,4,3,3,3,2,3,4,2,3,3,3,Det er ikke lett å svare. Lik lønn handler om mye mer enn lik lønn. Vi trenger alle yrker. Lik lønn blir ikke rettferdig for den som har stort studielån for eksempel...
2021/10/16 10:35:38 p.m. EET,mann,30 - 39 år,universitet/høgskole (ph.d.),selvstendig,privat,ja,sentrum,godt over gjennomsnittet,over gjennomsnittet,Norge (ikke innvandrerbakgrunn),1,2,5,1,2,4,3,1,5,1,5,4,2,
2021/10/16 10:37:42 p.m. EET,kvinne,40 - 49 år,universitet/høgskole (tilsvarende master),sysselsatt heltid,offentlig,ja,venstre,gjennomsnittlig,ingen formue,Norge (ikke innvandrerbakgrunn),4,4,4,3,2,4,3,1,3,1,4,3,3,
2021/10/16 10:48:00 p.m. EET,mann,50 - 59 år,universitet/høgskole (ph.d.),sysselsatt heltid,offentlig,ja,nøytral,gjennomsnittlig,under gjennomsnittet,Norge (ikke innvandrerbakgrunn),1,4,4,1,5,1,3,1,5,2,5,2,5,"Som PhD er jeg avhengig av høyere lønn enn snittet for en gang å oppnå gjennomsnittlig livslønn. Gitt også at min innsats per år har vært langt over snittet, føles til og med lønn moderat over snittet som lite proporsjonalt. I tillegg tar man ofte med høyere utdannelse en risiko.

Med lik lønn uansett hva jeg gjorde, hadde jeg ikke gjort de valgene jeg har gjort hit, men hadde heller brukt tida mi på hobbyer som ga intangibel belønning."
2021/10/16 10:49:11 p.m. EET,mann,50 - 59 år,universitet/høgskole (tilsvarende master),selvstendig,privat,nei,nøytral,ingen inntekt,ingen formue,Norge (ikke innvandrerbakgrunn),3,2,4,2,3,3,4,2,3,2,4,4,2,
2021/10/16 11:15:49 p.m. EET,mann,30 - 39 år,universitet/høgskole (tilsvarende master),sysselsatt heltid,privat,ja,venstre,gjennomsnittlig,lav,Norge (ikke innvandrerbakgrunn),1,4,5,2,4,3,1,1,5,1,4,3,3,
2021/10/16 11:29:39 p.m. EET,mann,30 - 39 år,universitet/høgskole (ph.d.),sysselsatt heltid,offentlig,ja,venstre,over gjennomsnittet,over gjennomsnittet,Norge (ikke innvandrerbakgrunn),4,4,3,5,1,5,3,2,2,2,1,5,3,"Allenliv er like mye verdt, dermed folger det at hver time vi lever er like verdt, og vi burde lønnes der etter. Det eneste problemet med dette er at utdanning krever lån, som vil redusere den reelle lønnen man sitter igjen med. Om dette korrigeres ville jeg vært enda mer for lik lønn for alle. "
2021/10/16 11:34:09 p.m. EET,mann,40 - 49 år,universitet/høgskole (tilsvarende master),selvstendig,privat,nei,høyre,godt over gjennomsnittet,godt over gjennomsnittet,Norge (ikke innvandrerbakgrunn),1,5,3,1,5,1,1,1,5,1,5,1,5,
2021/10/16 11:36:34 p.m. EET,kvinne,20 - 29 år,universitet/høgskole (tilsvarende master),sysselsatt heltid,offentlig,ja,venstre,gjennomsnittlig,gjennomsnittlig,Norge (ikke innvandrerbakgrunn),1,3,5,3,4,3,3,1,5,1,4,2,4,
2021/10/16 11:37:32 p.m. EET,kvinne,20 - 29 år,universitet/høgskole (tilsvarende bachelor),sysselsatt heltid,offentlig,ja,venstre,over gjennomsnittet,under gjennomsnittet,Norge (ikke innvandrerbakgrunn),2,3,5,3,2,1,1,3,5,1,5,1,5,Dårlig formulerte spørsmål. Spesielt nr 14. 
2021/10/17 12:46:53 a.m. EET,kvinne,30 - 39 år,universitet/høgskole (ph.d.),sysselsatt heltid,offentlig,ja,venstre,gjennomsnittlig,gjennomsnittlig,resten av verden,2,2,5,2,2,5,1,1,4,2,5,3,2,"Utdanning må belønnes, synes jeg. "
2021/10/17 12:59:02 a.m. EET,mann,30 - 39 år,universitet/høgskole (tilsvarende bachelor),sysselsatt heltid,privat,ja,sentrum,under gjennomsnittet,under gjennomsnittet,Norge (ikke innvandrerbakgrunn),4,2,4,4,1,5,2,2,4,2,1,4,2,"Et lite tips: Hvis dere trenger en case til dette forskningsprosjektet, så har jeg en kamerat som jobber i Agens - et selskap som lager digitale tjenester. Her praktiserer de likelønn, altså at sjefene på toppen og alle de ansatte har samme lønn. Etter hva jeg har hørt, har lønnsforhandlingene foregått på en årlig fest hvor en person har blitt utpekt til å se hvor mange marshmallows han får inn i munnen - eller hvor langt han kan spytte morellstein etc. Lønnen til samtlige ansatte har økt avhengig av antall marshmallows osv. høres forøvrig ut som alle er fornøyde med likelønn og at det gir god trivsel på arbeidsplassen."
2021/10/17 1:04:16 a.m. EET,mann,30 - 39 år,videregående,sysselsatt heltid,privat,ja,nøytral,lav,under gjennomsnittet,utenfor Norge i Vest-Europa,5,,4,5,5,4,5,5,1,5,2,2,3,"Hei, jeg jobber som miljø arbeider i en privat virksomhet. Har jobbet ca i 4år i den sammen virksomhet og ble ikke noe lønn økning,  jeg tyner veldig lite og har ingen motivasjon å komme på jobb. Har to barn også. Jeg vet ikke hva jeg skal gjøre. Jeg føller at dette er veldig urettferdig. 
"
2021/10/17 1:34:53 a.m. EET,kvinne,20 - 29 år,universitet/høgskole (tilsvarende bachelor),sysselsatt deltid,privat,nei,høyre,gjennomsnittlig,ingen formue,Norge (ikke innvandrerbakgrunn),2,3,5,2,,2,,2,5,1,2,3,4,
2021/10/17 1:54:08 a.m. EET,kvinne,40 - 49 år,universitet/høgskole (tilsvarende master),sysselsatt deltid,offentlig,ja,venstre,under gjennomsnittet,lav,Norge (2./3. generasjon innvandrer),2,4,3,4,4,4,4,5,3,4,,4,3,
2021/10/17 4:34:34 a.m. EET,kvinne,20 - 29 år,universitet/høgskole (tilsvarende bachelor),sysselsatt deltid,privat,nei,venstre,gjennomsnittlig,under gjennomsnittet,Norge (ikke innvandrerbakgrunn),2,3,5,2,4,4,3,1,5,2,4,3,3,
2021/10/17 6:36:34 a.m. EET,mann,30 - 39 år,universitet/høgskole (tilsvarende master),sysselsatt heltid,privat,nei,høyre,over gjennomsnittet,over gjennomsnittet,Norge (ikke innvandrerbakgrunn),1,5,5,3,3,3,3,3,4,1,3,3,3,
2021/10/17 8:47:12 a.m. EET,mann,30 - 39 år,universitet/høgskole (tilsvarende master),sysselsatt heltid,offentlig,ja,venstre,over gjennomsnittet,under gjennomsnittet,Norge (ikke innvandrerbakgrunn),2,2,5,2,2,4,2,1,2,1,1,2,3,
2021/10/17 8:50:27 a.m. EET,kvinne,30 - 39 år,universitet/høgskole (tilsvarende master),selvstendig,privat,nei,nøytral,over gjennomsnittet,gjennomsnittlig,Norge (ikke innvandrerbakgrunn),1,4,5,1,5,2,2,1,5,1,3,2,5,
2021/10/17 8:51:18 a.m. EET,mann,20 - 29 år,universitet/høgskole (tilsvarende bachelor),sysselsatt heltid,privat,nei,nøytral,under gjennomsnittet,under gjennomsnittet,Norge (ikke innvandrerbakgrunn),1,5,5,1,5,1,1,1,5,1,5,1,5,
2021/10/17 8:53:03 a.m. EET,mann,30 - 39 år,universitet/høgskole (tilsvarende master),sysselsatt heltid,privat,ja,sentrum,over gjennomsnittet,under gjennomsnittet,Norge (ikke innvandrerbakgrunn),1,3,4,1,4,3,2,1,4,1,4,3,3,
2021/10/17 9:07:03 a.m. EET,kvinne,50 - 59 år,universitet/høgskole (tilsvarende master),sysselsatt heltid,privat,nei,,under gjennomsnittet,gjennomsnittlig,resten av verden,3,3,3,5,3,3,3,2,3,1,,3,3,Kan ikke godta de som ikke ha utdanning skal ha like lønn med de andre som gikk på høy utdannet. også forskjellige oppgaver skal telle om lønn. 
2021/10/17 9:14:45 a.m. EET,mann,50 - 59 år,universitet/høgskole (ph.d.),sysselsatt heltid,offentlig,ja,sentrum,over gjennomsnittet,gjennomsnittlig,Norge (ikke innvandrerbakgrunn),3,4,3,2,4,3,2,2,4,2,3,2,3,"Svarene på alle spørsmålene avhenger av forutsetninger som er ukjente: lønnas nivå, finansiering, størrelsen for åpning for andre inntekter enn lønn, internasjonale konkurranseforhold, boligmarked, arbeidsmarkedets organisering osv., osv.  For å ta ett (av uendelig mange) problemer: hvis vi forutsetter at «kulturen»/normal mentalitet ikke er radikalt endret, kan lønna ikke bli lav uten stort tap av lykke. Blir lønna høy nok, kreves sterkt omfordelende skatt på næring og eiendom, noe som rammer kapitalismens dynamikk (=dens gode side), og øker konfliktnivået i samfunnet. Uten å kjenne konkrete forutsetninger, kan jeg bare svare med de tre svaralternativene i midten. Hvis realistiske forutsetninger (med full kompleksitet) ble presentert, ville det bli mye lettere totalt å avvise det hele. "
2021/10/17 9:40:29 a.m. EET,kvinne,30 - 39 år,universitet/høgskole (ph.d.),sysselsatt heltid,offentlig,ja,venstre,gjennomsnittlig,gjennomsnittlig,Norge (ikke innvandrerbakgrunn),4,5,3,5,1,5,3,3,1,1,1,5,1,
2021/10/17 9:47:31 a.m. EET,kvinne,40 - 49 år,universitet/høgskole (ph.d.),selvstendig,privat,ja,venstre,gjennomsnittlig,gjennomsnittlig,Norge (ikke innvandrerbakgrunn),4,2,3,4,2,4,4,2,2,4,1,5,2,
2021/10/17 9:48:51 a.m. EET,mann,20 - 29 år,universitet/høgskole (tilsvarende master),student,,nei,venstre,ingen inntekt,ingen formue,Norge (ikke innvandrerbakgrunn),5,1,3,5,1,5,1,4,1,5,1,4,2,
2021/10/17 9:59:42 a.m. EET,kvinne,30 - 39 år,universitet/høgskole (tilsvarende bachelor),sysselsatt heltid,offentlig,ja,høyre,gjennomsnittlig,ingen formue,Norge (ikke innvandrerbakgrunn),1,5,5,1,5,1,1,1,5,1,5,1,5,
2021/10/17 10:11:02 a.m. EET,mann,50 - 59 år,universitet/høgskole (tilsvarende master),sysselsatt heltid,privat,ja,høyre,over gjennomsnittet,gjennomsnittlig,Norge (ikke innvandrerbakgrunn),2,3,5,2,,3,1,1,5,1,3,2,5,
2021/10/17 10:11:11 a.m. EET,kvinne,under 20 år,universitet/høgskole (tilsvarende bachelor),student,offentlig,nei,nøytral,ingen inntekt,ingen formue,Norge (2./3. generasjon innvandrer),3,5,5,5,3,4,3,2,4,1,1,4,3,
2021/10/17 10:15:54 a.m. EET,kvinne,50 - 59 år,universitet/høgskole (tilsvarende master),sysselsatt heltid,privat,ja,venstre,gjennomsnittlig,gjennomsnittlig,Norge (ikke innvandrerbakgrunn),1,3,5,2,4,1,5,2,5,1,5,2,4,"Hvis ikke utdanning lønner seg økonomisk, vil ingen sette seg i gjeld og bruke mye tid på å ta utdanning. Vi vil altså mangle kvalifisert arbeidskraft. "
2021/10/17 10:19:35 a.m. EET,kvinne,40 - 49 år,universitet/høgskole (tilsvarende bachelor),freelance,offentlig,nei,nøytral,gjennomsnittlig,under gjennomsnittet,Norge (ikke innvandrerbakgrunn),3,3,3,3,3,4,3,2,3,2,3,3,2,
2021/10/17 10:21:24 a.m. EET,kvinne,50 - 59 år,universitet/høgskole (tilsvarende master),sysselsatt deltid,offentlig,ja,venstre,lav,ingen formue,Norge (ikke innvandrerbakgrunn),5,5,4,5,2,5,2,2,2,1,2,4,1,Hva med de som ikke er i arbeid? 
2021/10/17 10:25:40 a.m. EET,kvinne,20 - 29 år,videregående,student,privat,nei,nøytral,gjennomsnittlig,ingen formue,Norge (ikke innvandrerbakgrunn),5,3,2,5,1,5,2,3,1,2,1,5,2,
2021/10/17 10:33:54 a.m. EET,mann,40 - 49 år,universitet/høgskole (ph.d.),sysselsatt heltid,offentlig,ja,sentrum,godt over gjennomsnittet,under gjennomsnittet,Norge (ikke innvandrerbakgrunn),2,2,4,2,4,3,2,2,4,2,2,3,2,
2021/10/17 10:34:17 a.m. EET,mann,20 - 29 år,universitet/høgskole (tilsvarende master),sysselsatt deltid,offentlig,nei,sentrum,lav,ingen formue,Norge (ikke innvandrerbakgrunn),2,4,5,2,3,3,3,1,4,1,2,2,3,
2021/10/17 10:45:05 a.m. EET,kvinne,50 - 59 år,universitet/høgskole (tilsvarende bachelor),sysselsatt heltid,frivillig,ja,venstre,over gjennomsnittet,lav,Norge (ikke innvandrerbakgrunn),2,4,3,1,5,3,1,1,5,1,5,2,4,
2021/10/17 10:48:49 a.m. EET,mann,20 - 29 år,fagskole,sysselsatt heltid,privat,nei,høyre,gjennomsnittlig,gjennomsnittlig,utenfor Norge i Vest-Europa,1,5,5,1,5,1,5,1,5,1,5,1,5,
2021/10/17 10:48:52 a.m. EET,kvinne,60 - 69 år,universitet/høgskole (tilsvarende master),pensjonert,offentlig,ja,venstre,over gjennomsnittet,gjennomsnittlig,Norge (ikke innvandrerbakgrunn),5,1,2,5,3,5,3,3,3,4,3,3,3,
2021/10/17 10:58:26 a.m. EET,mann,40 - 49 år,universitet/høgskole (tilsvarende master),sysselsatt heltid,offentlig,ja,venstre,gjennomsnittlig,lav,Norge (ikke innvandrerbakgrunn),5,4,4,3,3,3,3,3,3,3,3,3,3,
2021/10/17 11:02:24 a.m. EET,mann,40 - 49 år,universitet/høgskole (tilsvarende master),sysselsatt heltid,privat,nei,høyre,over gjennomsnittet,over gjennomsnittet,Norge (ikke innvandrerbakgrunn),2,,4,2,3,2,,,,1,5,3,3,"Hva er konteksten her? Snakker vi om Norge eller hele verden? I et globalt samfunn styrt av marked og kapitalisme synes d utfordrende å kun innføre dette i et åpent samfunn som Noge, hvor internasjonale aktører og firmaer operer. Mine svar er derfor nok litt uklare og kun delvis utfylt."
2021/10/17 11:06:00 a.m. EET,mann,60 - 69 år,videregående,sysselsatt heltid,privat,nei,høyre,gjennomsnittlig,under gjennomsnittet,Norge (ikke innvandrerbakgrunn),1,5,5,1,5,1,1,1,5,1,5,1,5,Idioti!
2021/10/17 11:20:08 a.m. EET,kvinne,50 - 59 år,universitet/høgskole (tilsvarende master),sysselsatt heltid,offentlig,ja,nøytral,gjennomsnittlig,ingen formue,Norge (ikke innvandrerbakgrunn),4,2,3,4,1,5,3,3,1,2,2,3,3,
2021/10/17 11:35:20 a.m. EET,mann,20 - 29 år,videregående,sysselsatt heltid,offentlig,ja,høyre,gjennomsnittlig,lav,Norge (ikke innvandrerbakgrunn),1,5,5,1,5,3,5,1,5,1,5,1,5,
2021/10/17 11:49:34 a.m. EET,kvinne,20 - 29 år,universitet/høgskole (tilsvarende master),freelance,privat,ja,venstre,under gjennomsnittet,ingen formue,Norge (2./3. generasjon innvandrer),5,2,4,5,2,5,3,2,3,3,2,4,2,"Lik lønn for alle gjør at man ikke trenger å være redd for å dekke essensielle basisbehov, son gir økt mulighet til å utforske og videreutvikle hobbyer, interesser, utdanning og liknende, dersom det også kombineres med kortere arbeidsdager tenker jeg da. ;)"
2021/10/17 11:55:34 a.m. EET,kvinne,40 - 49 år,universitet/høgskole (tilsvarende bachelor),sysselsatt heltid,privat,nei,høyre,gjennomsnittlig,over gjennomsnittet,Norge (ikke innvandrerbakgrunn),3,4,4,3,4,3,4,1,5,1,4,2,3,
2021/10/17 11:56:05 a.m. EET,kvinne,20 - 29 år,videregående,sysselsatt heltid,offentlig,nei,høyre,gjennomsnittlig,ingen formue,Norge (ikke innvandrerbakgrunn),1,5,5,1,5,1,1,1,5,1,5,1,5,hvorfor skal man ta utdannelse med lik lønn for alle? 
2021/10/17 11:56:20 a.m. EET,mann,50 - 59 år,fagskole,pensjonert,privat,nei,nøytral,lav,ingen formue,Norge (ikke innvandrerbakgrunn),1,5,5,1,5,1,1,1,5,1,5,1,5,"Frie mennesker er ikke like , like mennesker er ikke frie"
2021/10/17 11:56:50 a.m. EET,mann,50 - 59 år,universitet/høgskole (ph.d.),sysselsatt heltid,privat,ja,venstre,over gjennomsnittet,over gjennomsnittet,Norge (ikke innvandrerbakgrunn),2,2,5,2,2,3,3,1,4,1,3,4,2,
2021/10/17 11:58:05 a.m. EET,kvinne,40 - 49 år,universitet/høgskole (tilsvarende master),sysselsatt heltid,frivillig,ja,venstre,gjennomsnittlig,over gjennomsnittet,Norge (ikke innvandrerbakgrunn),5,1,3,5,1,5,1,5,2,2,1,5,1,"Ser på tanken som svært radikal i dagens samfunn, men har tenkt en del på det selv de siste årene (og syns den ble bekreftet under pandemien) og ser på dette som en svært fornuftig løsning. Med lik lønn for alle tydeliggjøres at alle posisjoner (i dette tilfellet legen og vaskepersonalet) er like nødvendige for å at sykehuset skal kunne levere sine oppgaver. Lik lønn kunne også bidra til i få riktigere antall ledere i forhold til andre ansatte, og ikke minst være et godt bidrag for å kunne overbetaling for ledere med argumentasjonen om at det er den eneste måten å få rekruttert de beste på. En mulig justering kunne det kanskje likevel være behov for for å kompensere for høyere utdanning - ikke fordi de er høyere utdannet, men fordi de får færre år i arbeid og dermed totalt sett mindre lønn gjennom et arbeidsliv. "
2021/10/17 12:01:44 p.m. EET,mann,50 - 59 år,universitet/høgskole (tilsvarende master),sysselsatt heltid,offentlig,nei,høyre,over gjennomsnittet,gjennomsnittlig,Norge (ikke innvandrerbakgrunn),1,5,5,1,5,1,1,1,5,1,5,1,5,Helt urealistisk i et fritt samfunn.
2021/10/17 12:04:53 p.m. EET,kvinne,60 - 69 år,videregående,pensjonert,,,sentrum,gjennomsnittlig,gjennomsnittlig,Norge (ikke innvandrerbakgrunn),1,5,5,1,5,2,2,2,5,1,5,1,5,Jeg er ikke for lik lønn for alle. Det virker demotiverende for videre utvikling.
2021/10/17 12:50:53 p.m. EET,mann,40 - 49 år,universitet/høgskole (tilsvarende bachelor),selvstendig,privat,nei,høyre,under gjennomsnittet,under gjennomsnittet,Norge (ikke innvandrerbakgrunn),1,5,5,1,5,1,1,1,5,1,5,1,5,
2021/10/17 1:09:42 p.m. EET,mann,30 - 39 år,universitet/høgskole (tilsvarende master),sysselsatt deltid,privat,nei,høyre,gjennomsnittlig,gjennomsnittlig,Norge (ikke innvandrerbakgrunn),1,5,5,1,5,1,1,1,5,1,5,1,5,
2021/10/17 1:20:09 p.m. EET,mann,20 - 29 år,universitet/høgskole (tilsvarende bachelor),student,privat,nei,høyre,under gjennomsnittet,under gjennomsnittet,Norge (ikke innvandrerbakgrunn),2,3,4,2,5,3,1,1,4,1,4,3,3,
2021/10/17 1:22:28 p.m. EET,mann,50 - 59 år,grunnskole,sysselsatt heltid,privat,nei,høyre,godt over gjennomsnittet,godt over gjennomsnittet,Norge (ikke innvandrerbakgrunn),1,,5,1,3,1,1,3,5,1,3,1,3,
2021/10/17 2:16:11 p.m. EET,kvinne,20 - 29 år,universitet/høgskole (ph.d.),student,privat,nei,sentrum,ingen inntekt,lav,Norge (ikke innvandrerbakgrunn),1,5,5,2,3,3,4,1,5,1,2,1,5,
2021/10/17 2:35:29 p.m. EET,kvinne,20 - 29 år,universitet/høgskole (tilsvarende master),sysselsatt heltid,offentlig,ja,venstre,over gjennomsnittet,gjennomsnittlig,Norge (ikke innvandrerbakgrunn),1,,,1,,,,,5,1,,,,
2021/10/17 3:07:07 p.m. EET,kvinne,50 - 59 år,universitet/høgskole (ph.d.),sysselsatt heltid,offentlig,ja,venstre,godt over gjennomsnittet,under gjennomsnittet,Norge (ikke innvandrerbakgrunn),3,3,3,1,4,1,1,3,3,1,5,1,1,"De med størst omsorgsoppgaver og høyest sykelighet vil klare å jobbe færrest timer, og vil tape på en slik ordning. En må vel være mann for å kunne synes dette er en god løsning. Ser at dere er tre menn som står bak, så fordommene mine ble bekreftet."
2021/10/17 4:05:16 p.m. EET,mann,20 - 29 år,fagskole,sysselsatt heltid,privat,nei,nøytral,gjennomsnittlig,ingen formue,Norge (ikke innvandrerbakgrunn),1,3,1,1,1,1,5,5,5,1,1,3,5,
2021/10/17 4:18:38 p.m. EET,kvinne,30 - 39 år,universitet/høgskole (tilsvarende bachelor),sysselsatt heltid,offentlig,ja,venstre,gjennomsnittlig,gjennomsnittlig,Norge (ikke innvandrerbakgrunn),5,2,3,5,1,5,3,2,1,4,1,5,1,Det er ikke mulig å velge 1 på spørsmål 12. Svarte derfor 2. Alternativ 1 er grået ut?
2021/10/17 5:01:58 p.m. EET,mann,50 - 59 år,universitet/høgskole (tilsvarende bachelor),sysselsatt heltid,offentlig,ja,sentrum,gjennomsnittlig,gjennomsnittlig,Norge (ikke innvandrerbakgrunn),1,5,5,1,5,1,1,1,5,1,5,1,5,
2021/10/17 5:48:05 p.m. EET,mann,40 - 49 år,universitet/høgskole (tilsvarende bachelor),sysselsatt heltid,privat,nei,venstre,gjennomsnittlig,under gjennomsnittet,Norge (ikke innvandrerbakgrunn),5,3,4,3,2,5,4,2,3,2,2,4,2,
2021/10/17 8:06:29 p.m. EET,mann,50 - 59 år,universitet/høgskole (tilsvarende master),pensjonert,offentlig,ja,sentrum,gjennomsnittlig,gjennomsnittlig,Norge (ikke innvandrerbakgrunn),1,4,5,1,3,2,2,1,5,1,3,2,4,
2021/10/17 8:31:53 p.m. EET,kvinne,40 - 49 år,universitet/høgskole (ph.d.),sysselsatt deltid,offentlig,ja,høyre,gjennomsnittlig,gjennomsnittlig,resten av verden,5,5,3,3,4,4,2,4,5,1,3,4,4,
2021/10/17 8:46:42 p.m. EET,mann,40 - 49 år,universitet/høgskole (ph.d.),sysselsatt heltid,offentlig,ja,venstre,godt over gjennomsnittet,ingen formue,Norge (ikke innvandrerbakgrunn),1,2,3,2,4,3,1,3,5,1,4,3,4,
2021/10/17 8:56:23 p.m. EET,mann,50 - 59 år,universitet/høgskole (tilsvarende bachelor),sysselsatt heltid,offentlig,nei,venstre,over gjennomsnittet,godt over gjennomsnittet,Norge (ikke innvandrerbakgrunn),4,3,3,5,4,4,4,4,4,3,3,3,3,Ingen
2021/10/17 9:08:26 p.m. EET,mann,40 - 49 år,universitet/høgskole (tilsvarende master),sysselsatt heltid,privat,ja,høyre,godt over gjennomsnittet,gjennomsnittlig,Norge (ikke innvandrerbakgrunn),3,4,5,4,5,4,1,1,5,1,4,2,3,
2021/10/17 9:14:12 p.m. EET,kvinne,30 - 39 år,universitet/høgskole (tilsvarende master),sysselsatt heltid,offentlig,ja,venstre,gjennomsnittlig,over gjennomsnittet,Norge (ikke innvandrerbakgrunn),3,5,4,4,4,4,2,1,4,2,2,3,3,
2021/10/17 9:31:55 p.m. EET,mann,40 - 49 år,universitet/høgskole (tilsvarende bachelor),sysselsatt deltid,offentlig,ja,sentrum,over gjennomsnittet,over gjennomsnittet,Norge (ikke innvandrerbakgrunn),1,4,5,2,5,2,1,3,5,1,4,2,4,
2021/10/17 9:33:59 p.m. EET,mann,40 - 49 år,universitet/høgskole (ph.d.),sysselsatt heltid,offentlig,nei,sentrum,gjennomsnittlig,over gjennomsnittet,Norge (ikke innvandrerbakgrunn),4,2,4,4,3,4,3,1,3,1,3,3,2,Litt vanskelig å vite hva man skulle svare på en del av spørsmålene uten å vite mer om hvordan lik lønn skulle blitt gjennomført
2021/10/17 9:37:47 p.m. EET,mann,40 - 49 år,universitet/høgskole (tilsvarende master),selvstendig,privat,nei,høyre,godt over gjennomsnittet,over gjennomsnittet,Norge (ikke innvandrerbakgrunn),1,3,5,1,3,1,4,1,5,1,4,2,5,Ingen tro på det. Og hva er lik arbeidstid? Hvor mange tenker ikke jobb også på fritiden? Blir helt ikke honorert for å ta på seg ansvarsfulle jobber. Skrekk og gru.
2021/10/17 9:42:10 p.m. EET,kvinne,40 - 49 år,universitet/høgskole (ph.d.),sysselsatt heltid,offentlig,ja,venstre,gjennomsnittlig,lav,utenfor Norge i Vest-Europa,4,3,5,5,3,4,3,5,3,2,1,3,3,
2021/10/17 10:05:34 p.m. EET,mann,30 - 39 år,universitet/høgskole (tilsvarende master),sysselsatt heltid,privat,ja,venstre,over gjennomsnittet,gjennomsnittlig,Norge (ikke innvandrerbakgrunn),4,2,2,4,2,4,2,2,2,3,2,3,3,
2021/10/17 11:13:07 p.m. EET,kvinne,20 - 29 år,universitet/høgskole (tilsvarende bachelor),sysselsatt deltid,offentlig,ja,,gjennomsnittlig,under gjennomsnittet,Norge (ikke innvandrerbakgrunn),3,1,3,5,3,4,3,3,4,2,3,3,3,
2021/10/17 11:19:36 p.m. EET,mann,40 - 49 år,universitet/høgskole (tilsvarende master),sysselsatt heltid,privat,nei,sentrum,godt over gjennomsnittet,godt over gjennomsnittet,Norge (ikke innvandrerbakgrunn),5,5,,1,5,1,1,1,5,1,3,3,3,
2021/10/17 11:20:34 p.m. EET,kvinne,40 - 49 år,universitet/høgskole (tilsvarende master),sysselsatt heltid,offentlig,nei,nøytral,gjennomsnittlig,gjennomsnittlig,Norge (ikke innvandrerbakgrunn),2,2,5,2,4,2,2,2,5,1,5,1,4,
2021/10/18 12:17:57 a.m. EET,mann,30 - 39 år,fagskole,arbeidsledig,privat,nei,nøytral,godt over gjennomsnittet,over gjennomsnittet,Norge (ikke innvandrerbakgrunn),1,5,5,1,5,1,5,1,5,1,5,1,5,
2021/10/18 6:44:37 a.m. EET,mann,40 - 49 år,universitet/høgskole (ph.d.),sysselsatt heltid,offentlig,ja,høyre,over gjennomsnittet,over gjennomsnittet,Norge (ikke innvandrerbakgrunn),5,3,3,4,3,3,1,1,4,2,5,4,3,
2021/10/18 6:46:50 a.m. EET,mann,30 - 39 år,universitet/høgskole (tilsvarende bachelor),pensjonert,frivillig,nei,venstre,under gjennomsnittet,gjennomsnittlig,Norge (ikke innvandrerbakgrunn),3,1,3,2,1,4,1,1,3,1,1,1,5,Meget bra skjema.
2021/10/18 8:16:18 a.m. EET,mann,60 - 69 år,fagskole,selvstendig,privat,nei,venstre,gjennomsnittlig,over gjennomsnittet,Norge (ikke innvandrerbakgrunn),5,1,3,5,1,5,5,5,1,1,1,5,1,
2021/10/18 9:33:22 a.m. EET,mann,40 - 49 år,fagskole,sysselsatt heltid,privat,nei,venstre,over gjennomsnittet,gjennomsnittlig,Norge (ikke innvandrerbakgrunn),1,5,3,1,5,1,4,1,5,1,3,1,5,
2021/10/18 9:42:59 a.m. EET,mann,70 år eller mer,fagskole,pensjonert,offentlig,ja,venstre,gjennomsnittlig,gjennomsnittlig,Norge (ikke innvandrerbakgrunn),3,3,3,2,3,3,3,3,4,3,4,4,4,
2021/10/18 10:42:49 a.m. EET,kvinne,20 - 29 år,universitet/høgskole (tilsvarende master),student,,nei,høyre,ingen inntekt,under gjennomsnittet,Norge (ikke innvandrerbakgrunn),5,1,3,5,3,5,3,2,2,5,1,5,4,
2021/10/18 11:24:00 a.m. EET,kvinne,50 - 59 år,universitet/høgskole (tilsvarende master),sysselsatt heltid,offentlig,ja,venstre,gjennomsnittlig,gjennomsnittlig,Norge (ikke innvandrerbakgrunn),4,4,3,4,4,4,3,3,4,3,4,4,2,
2021/10/18 2:00:15 p.m. EET,kvinne,40 - 49 år,universitet/høgskole (tilsvarende bachelor),student,,nei,venstre,lav,lav,Norge (ikke innvandrerbakgrunn),3,3,4,3,3,3,3,3,3,1,3,3,3,"Det at jeg svarer 3 på nesten alle spørsmål, skyldes en kombinasjon av at jeg vet for lite om tema, men også at jeg ser de fleste parameterne gjør seg like mye gjeldende når det kommer til lik lønn for alle.  "
2021/10/18 3:29:25 p.m. EET,mann,40 - 49 år,universitet/høgskole (ph.d.),sysselsatt heltid,offentlig,ja,venstre,godt over gjennomsnittet,gjennomsnittlig,resten av verden,3,,,5,5,5,3,3,4,3,4,5,5,
2021/10/18 4:00:36 p.m. EET,mann,70 år eller mer,universitet/høgskole (tilsvarende master),pensjonert,offentlig,ja,sentrum,over gjennomsnittet,over gjennomsnittet,Norge (ikke innvandrerbakgrunn),3,,5,4,5,2,2,1,5,1,5,1,4,"Bedre med viss sum som base til alle,:»borgerlønn»"
2021/10/18 4:34:13 p.m. EET,kvinne,20 - 29 år,universitet/høgskole (tilsvarende bachelor),sysselsatt heltid,offentlig,nei,nøytral,gjennomsnittlig,gjennomsnittlig,Norge (ikke innvandrerbakgrunn),1,,,1,5,4,2,5,5,1,5,1,5,
2021/10/18 4:50:15 p.m. EET,mann,50 - 59 år,universitet/høgskole (tilsvarende master),sysselsatt heltid,offentlig,ja,venstre,gjennomsnittlig,over gjennomsnittet,Norge (ikke innvandrerbakgrunn),2,3,4,4,1,3,3,2,4,1,3,3,2,
2021/10/18 5:46:36 p.m. EET,kvinne,50 - 59 år,universitet/høgskole (tilsvarende bachelor),sysselsatt heltid,offentlig,ja,høyre,gjennomsnittlig,gjennomsnittlig,Norge (ikke innvandrerbakgrunn),1,1,5,1,5,1,1,1,5,1,5,1,5,
2021/10/18 8:57:44 p.m. EET,mann,40 - 49 år,universitet/høgskole (ph.d.),sysselsatt heltid,offentlig,ja,venstre,godt over gjennomsnittet,gjennomsnittlig,Norge (ikke innvandrerbakgrunn),4,3,4,4,3,5,3,3,3,3,3,3,2,
2021/10/18 9:11:43 p.m. EET,mann,40 - 49 år,universitet/høgskole (tilsvarende master),sysselsatt heltid,offentlig,nei,venstre,over gjennomsnittet,under gjennomsnittet,Norge (ikke innvandrerbakgrunn),4,1,4,4,1,5,3,3,2,5,2,5,1,
2021/10/18 10:19:48 p.m. EET,kvinne,40 - 49 år,universitet/høgskole (ph.d.),sysselsatt heltid,offentlig,ja,venstre,over gjennomsnittet,gjennomsnittlig,Norge (ikke innvandrerbakgrunn),2,4,5,3,4,3,,1,4,1,4,3,3,
2021/10/19 6:24:04 a.m. EET,mann,20 - 29 år,fagskole,sysselsatt heltid,privat,nei,høyre,gjennomsnittlig,gjennomsnittlig,Norge (ikke innvandrerbakgrunn),1,5,5,1,5,1,1,1,5,1,5,1,5,Lønn reflekterer verdien av det du produserer. Jeg håper ingen seriøse voksne personer mener at en renholder på et sykehus produserer mer verdi per time enn en overlege eller hjertekirurg. 
2021/10/19 6:30:02 a.m. EET,kvinne,50 - 59 år,fagskole,sysselsatt heltid,privat,ja,nøytral,over gjennomsnittet,under gjennomsnittet,Norge (ikke innvandrerbakgrunn),2,2,3,1,3,1,1,1,5,1,4,1,4,
2021/10/19 8:01:47 a.m. EET,mann,50 - 59 år,universitet/høgskole (ph.d.),sysselsatt deltid,offentlig,ja,venstre,over gjennomsnittet,under gjennomsnittet,Norge (ikke innvandrerbakgrunn),4,3,3,5,2,5,2,2,3,2,3,3,3,
2021/10/19 12:07:02 p.m. EET,mann,60 - 69 år,universitet/høgskole (tilsvarende bachelor),pensjonert,privat,nei,sentrum,lav,gjennomsnittlig,Norge (ikke innvandrerbakgrunn),3,1,5,5,1,5,3,1,4,1,1,3,5,"Mer inntektsutjevning, mindre forskjeller på lønnsnivå er bra og et mål! Absolutt likelønn, uansett, tror jeg er No Good, ikke ønskelig. En viss forskjell på No Brain Work og arbeid som krever utdannelse erfaring er nødvendig og bra. Fordi folk trenger en gulrot å strekke seg etter. "
2021/10/19 9:16:05 p.m. EET,kvinne,40 - 49 år,universitet/høgskole (tilsvarende master),sysselsatt heltid,offentlig,ja,høyre,gjennomsnittlig,godt over gjennomsnittet,Norge (ikke innvandrerbakgrunn),5,1,3,5,2,5,3,5,1,5,1,5,1,Lik lønn og likt antall arbeidstimer hadde vært helt greit dersom utdanning var gratis og staten dekket kost/losji for studenter.
2021/10/19 9:31:58 p.m. EET,mann,60 - 69 år,universitet/høgskole (tilsvarende master),selvstendig,privat,ja,sentrum,under gjennomsnittet,under gjennomsnittet,resten av verden,3,2,4,5,2,5,3,2,4,4,1,3,5,
2021/10/19 11:02:08 p.m. EET,mann,40 - 49 år,universitet/høgskole (tilsvarende master),sysselsatt deltid,offentlig,ja,venstre,over gjennomsnittet,ingen formue,Norge (ikke innvandrerbakgrunn),4,1,3,4,1,5,4,2,1,2,1,5,1,"Angående ansettelse så har jeg en blanding av 40% offentlig sektor, enkelte engasjementer i privat og fri og sektor og ca 50% selvstendig næringsdrivende"
2021/10/21 6:23:42 p.m. EET,mann,20 - 29 år,videregående,student,offentlig,nei,nøytral,ingen inntekt,ingen formue,Norge (ikke innvandrerbakgrunn),3,3,4,3,3,3,4,3,4,2,4,2,4,
2021/10/21 11:53:53 p.m. EET,kvinne,30 - 39 år,universitet/høgskole (tilsvarende master),sysselsatt heltid,offentlig,ja,venstre,gjennomsnittlig,gjennomsnittlig,Norge (ikke innvandrerbakgrunn),4,2,5,5,3,5,3,2,3,2,3,4,2,
2021/10/23 9:34:13 p.m. EET,mann,30 - 39 år,fagskole,sysselsatt heltid,offentlig,ja,nøytral,gjennomsnittlig,lav,Norge (ikke innvandrerbakgrunn),1,5,5,2,5,3,2,1,5,1,5,3,3,
2021/10/25 8:47:13 a.m. EET,kvinne,40 - 49 år,universitet/høgskole (tilsvarende bachelor),sysselsatt heltid,offentlig,ja,nøytral,gjennomsnittlig,gjennomsnittlig,utenfor Norge i Vest-Europa,2,4,4,4,4,5,2,1,5,1,5,2,3,
2021/10/27 12:30:32 p.m. EET,kvinne,20 - 29 år,universitet/høgskole (tilsvarende master),student,privat,nei,høyre,gjennomsnittlig,gjennomsnittlig,Norge (ikke innvandrerbakgrunn),1,5,3,1,5,1,1,1,5,1,5,3,5,Student med deltidsjobb ref spørsmål 4
2021/10/27 1:12:46 p.m. EET,kvinne,40 - 49 år,universitet/høgskole (tilsvarende master),sysselsatt heltid,offentlig,ja,sentrum,gjennomsnittlig,under gjennomsnittet,Norge (ikke innvandrerbakgrunn),5,1,3,5,1,5,3,3,1,5,1,5,1,
2021/10/27 4:13:11 p.m. EET,mann,60 - 69 år,universitet/høgskole (tilsvarende master),selvstendig,privat,ja,venstre,gjennomsnittlig,over gjennomsnittet,Norge (ikke innvandrerbakgrunn),4,3,4,4,3,4,4,3,4,2,2,2,3,
2021/10/27 4:41:38 p.m. EET,mann,40 - 49 år,universitet/høgskole (tilsvarende bachelor),sysselsatt heltid,privat,nei,nøytral,gjennomsnittlig,under gjennomsnittet,Norge (ikke innvandrerbakgrunn),1,5,5,1,5,1,1,1,5,1,5,1,5,
2021/10/27 4:47:15 p.m. EET,mann,under 20 år,videregående,student,offentlig,nei,høyre,over gjennomsnittet,over gjennomsnittet,Norge (ikke innvandrerbakgrunn),1,5,5,1,5,1,1,1,5,1,5,1,5,
2021/10/27 4:53:46 p.m. EET,mann,30 - 39 år,universitet/høgskole (ph.d.),sysselsatt heltid,offentlig,ja,venstre,gjennomsnittlig,lav,Norge (ikke innvandrerbakgrunn),3,2,5,4,4,4,2,1,3,1,2,4,2,"Ikke alle jobber er like krevende, og derfor vil fullstendig lik lønn for alle være urettferdig. Å jobbe mot et ideal om _likere_ lønn vil derimot kunne øke rettferdigheten. Størrelsen på lønna bør i så fall være rundt det som er gjennomsnittet i dag (god levestandard uten at det fører til betraktelig høyere forbruk)."
2021/10/27 5:18:44 p.m. EET,mann,40 - 49 år,universitet/høgskole (tilsvarende master),sysselsatt heltid,privat,nei,høyre,godt over gjennomsnittet,gjennomsnittlig,Norge (ikke innvandrerbakgrunn),1,3,5,2,3,2,,1,5,1,5,1,3,Jeg ville byttet jobb på dagen om det var en realitet. 
2021/10/27 6:35:34 p.m. EET,mann,50 - 59 år,universitet/høgskole (tilsvarende master),sysselsatt heltid,offentlig,ja,høyre,over gjennomsnittet,ingen formue,Norge (ikke innvandrerbakgrunn),1,5,5,1,5,1,3,1,5,1,5,1,3,"Lik lønn for ulikt arbeid/ansvar/kompetanse er en absurd tanke som kun kan spire og gro i akademia, og evt også på pub (etter stengetid):-) "
2021/10/27 6:36:12 p.m. EET,kvinne,30 - 39 år,universitet/høgskole (ph.d.),sysselsatt heltid,offentlig,ja,sentrum,over gjennomsnittet,gjennomsnittlig,Norge (ikke innvandrerbakgrunn),2,3,5,2,5,3,2,1,5,1,5,3,3,"Veldig spennende spørsmål. Jeg oppfatter lik lønn for alle uavhengig av innsats og utdanning som nokså urettferdig. Det tar feks ti år å bli forsker (master pluss phd) og det er masse kostnader knyttet til å ikke gå rett ut i jobb (som feks en elektriker med lærlingplass som er i jobb før fylte 20). Ideen om at alle timer arbeid bør lønnes likt antar at det er like mye innsats og verdi i hver time arbeid. Det er ikke gitt. Hilsen forsker som også har jobbet som servitør i nesten fem år (hele utdanningen) og som mener det ene er betydelig tyngre enn det andre å gjennomføre, og derfor bør lønnes ulikt . Det mente jeg også som student ;) men jeg antar flere med lav lønn vil støtte ideen om lil lønn ;) "
2021/10/27 6:50:40 p.m. EET,mann,40 - 49 år,universitet/høgskole (ph.d.),sysselsatt heltid,offentlig,ja,venstre,godt over gjennomsnittet,ingen formue,Norge (ikke innvandrerbakgrunn),5,1,3,5,3,5,3,5,3,3,3,5,1,
2021/10/27 7:32:05 p.m. EET,,30 - 39 år,universitet/høgskole (ph.d.),sysselsatt heltid,privat,nei,nøytral,over gjennomsnittet,lav,Norge (ikke innvandrerbakgrunn),1,4,1,1,5,1,5,1,5,1,4,2,3,En fix ide. Ikke noe det hadde blitt forsket på hadde universitetsansatte fått samme lønn som bøndene. 
2021/10/27 7:56:15 p.m. EET,mann,40 - 49 år,videregående,sysselsatt heltid,privat,nei,nøytral,over gjennomsnittet,gjennomsnittlig,Norge (ikke innvandrerbakgrunn),1,5,5,1,5,1,1,1,5,1,5,1,5,
2021/10/27 9:23:27 p.m. EET,mann,70 år eller mer,universitet/høgskole (tilsvarende master),pensjonert,frivillig,ja,venstre,over gjennomsnittet,over gjennomsnittet,Norge (ikke innvandrerbakgrunn),5,1,5,5,1,5,5,5,1,5,1,5,1,Hvorfor har ingen tenkt på dette før?!!
2021/10/27 10:08:47 p.m. EET,mann,40 - 49 år,universitet/høgskole (tilsvarende bachelor),sysselsatt heltid,privat,nei,høyre,godt over gjennomsnittet,gjennomsnittlig,Norge (ikke innvandrerbakgrunn),1,5,5,1,5,1,1,1,5,1,5,1,5,
2021/10/27 10:44:22 p.m. EET,mann,40 - 49 år,universitet/høgskole (ph.d.),sysselsatt heltid,offentlig,nei,venstre,over gjennomsnittet,gjennomsnittlig,Norge (ikke innvandrerbakgrunn),3,3,5,4,3,4,3,1,5,2,3,2,3,
2021/10/27 10:53:40 p.m. EET,mann,30 - 39 år,universitet/høgskole (tilsvarende bachelor),selvstendig,privat,nei,venstre,godt over gjennomsnittet,under gjennomsnittet,Norge (ikke innvandrerbakgrunn),5,1,4,5,1,5,3,3,1,3,1,5,2,
2021/10/28 7:09:35 a.m. EET,mann,40 - 49 år,universitet/høgskole (tilsvarende bachelor),sysselsatt heltid,privat,nei,sentrum,godt over gjennomsnittet,gjennomsnittlig,Norge (ikke innvandrerbakgrunn),4,2,5,3,2,3,2,1,2,1,1,4,2,
2021/10/28 9:02:56 a.m. EET,mann,20 - 29 år,universitet/høgskole (tilsvarende master),student,,,venstre,ingen inntekt,ingen formue,Norge (ikke innvandrerbakgrunn),3,3,4,4,2,5,1,1,3,1,1,3,3,"Mange av spørsmålene er avhengig av hvor mye lønn alle får. Hvis alle får mye lønn er det åpenbart muligheter for selvrealisering, dersom alle fikk lite er det kanskje ikke det."
2021/10/28 9:04:20 a.m. EET,kvinne,40 - 49 år,universitet/høgskole (tilsvarende bachelor),sysselsatt heltid,offentlig,ja,sentrum,gjennomsnittlig,gjennomsnittlig,Norge (ikke innvandrerbakgrunn),2,3,4,2,3,4,2,3,4,1,3,3,3,Lang utdanning vil ikke lønne seg. Færre vil ta lengre utdanning? 
